#Columns,16,,,,,,,,,,,,,,,
#Header_Rows,12,,,,,,,,,,,,,,,
Field_Name,Sample_Name,IGSN,Material,SpC_microsiemens_per_cm,pH,Temperature_degC,Respiration_Rate_mg_DO_per_L_per_H,Respiration_Rate_mg_DO_per_kg_per_H,Respiration_R_Squared,Respiration_R_Squared_Adj,Respiration_p_value,Total_Incubation_Time_Min,Number_Points_In_Respiration_Regression,Number_Points_Removed_Respiration_Regression,DO_Concentration_At_Incubation_Time_Zero,Methods_Deviation
Unit,N/A,N/A,N/A,microsiemens_per_centimeter,pH,degrees_Celsius,milligrams_per_Liter,milligrams_per_kilogram,N/A,N/A,N/A,minutes,N/A,N/A,N/A,N/A
Unit_Basis,N/A,N/A,N/A,as_microsiemens_per_centimeter,as_pH,as_degrees_Celsius,as_mg_Oxygen_per_L_water,as_mg_Oxygen_per_kg_sediment,N/A,N/A,N/A,as_Minutes,N/A,N/A,N/A,N/A
MethodID_Analysis,N/A,N/A,N/A,SpC_T_AN_001,pH_T_AN_003,Temp_T_AN_000,INC_T_AN_003,INC_T_AN_003,INC_T_AN_003,INC_T_AN_003,INC_T_AN_003,INC_T_AN_003,INC_T_AN_003,INC_T_AN_003,INC_T_AN_003,N/A
MethodID_Inspection,N/A,N/A,N/A,SpC_T_IN_001,pH_T_IN_003,Temp_T_IN_000,INC_T_IN_003,INC_T_IN_003,INC_T_IN_003,INC_T_IN_003,INC_T_IN_003,INC_T_IN_003,INC_T_IN_003,INC_T_IN_003,INC_T_IN_003,N/A
MethodID_Storage,N/A,N/A,N/A,SpC_T_ST_001,pH_T_ST_003,Temp_T_ST_000,INC_T_ST_003,INC_T_ST_003,INC_T_ST_003,INC_T_ST_003,INC_T_ST_003,INC_T_ST_003,INC_T_ST_003,INC_T_ST_003,INC_T_ST_003,N/A
MethodID_Preservation,N/A,N/A,N/A,SpC_T_PRES_001,pH_T_PRES_003,Temp_T_PRES_000,INC_T_PRES_003,INC_T_PRES_003,INC_T_PRES_003,INC_T_PRES_003,INC_T_PRES_003,INC_T_PRES_003,INC_T_PRES_003,INC_T_PRES_003,INC_T_PRES_003,N/A
MethodID_Preparation,N/A,N/A,N/A,SpC_T_PREP_001,pH_T_PREP_003,Temp_T_PREP_000,INC_T_PREP_003,INC_T_PREP_003,INC_T_PREP_003,INC_T_PREP_003,INC_T_PREP_003,INC_T_PREP_003,INC_T_PREP_003,INC_T_PREP_003,INC_T_PREP_003,N/A
MethodID_DataProcessing,N/A,N/A,N/A,SpC_T_DP_001,pH_T_DP_003,Temp_T_DP_000,INC_T_DP_003,INC_T_DP_003,INC_T_DP_003,INC_T_DP_003,INC_T_DP_003,INC_T_DP_003,INC_T_DP_003,INC_T_DP_003,INC_T_DP_003,N/A
Analysis_DetectionLimit,-9999,-9999,-9999,-9999,-9999,-9999,-9999,-9999,-9999,-9999,-9999,-9999,-9999,-9999,0.093-0.104,N/A
Analysis_Precision,-9999,-9999,-9999,-9999,-9999,-9999,-9999,-9999,-9999,-9999,-9999,-9999,-9999,-9999,-9999,N/A
Data_Status,N/A,N/A,N/A,ready_to_use,ready_to_use,ready_to_use,ready_to_use,ready_to_use,ready_to_use,ready_to_use,ready_to_use,ready_to_use,ready_to_use,ready_to_use,ready_to_use,N/A
#Start_Data,EC_005_INC-D1,10.58052/IEWDR01Q9,Sediment,115.4,6.96,21,0,0,0.73,0.724,0.0003,102,52,2,9.53,N/A
N/A,EC_005_INC-D2,10.58052/IEWDR01Q9,Sediment,113.1,6.89,20,0,0,0,0.02,0.0004,102,52,2,10.03,N/A
N/A,EC_005_INC-D3,10.58052/IEWDR01Q9,Sediment,114,6.77,20.9,0,0,0,0.02,0.0004,102,52,2,9.75,N/A
N/A,EC_005_INC-D4,10.58052/IEWDR01Q9,Sediment,116.4,6.67,21,-0.066,-0.214,0.104,0.086,0.0005,104,53,1,9.98,N/A
N/A,EC_005_INC-D5,10.58052/IEWDR01Q9,Sediment,115.5,6.68,20.4,-0.089,-0.288,0.306,0.292,0.0003,102,52,2,10.31,N/A
N/A,EC_005_INC-W1,10.58052/IEWDR01Q9,Sediment,129,7.16,20.1,-0.077,-0.248,0.07,0.052,0.0007,102,52,2,9.38,N/A
N/A,EC_005_INC-W2,10.58052/IEWDR01Q9,Sediment,115.4,6.92,20.7,-0.346,-1.116,0.759,0.754,0.0005,104,53,1,8.5,N/A
N/A,EC_005_INC-W3,10.58052/IEWDR01Q9,Sediment,111.7,6.9,20.8,-0.377,-1.211,0.75,0.744,0.0005,102,52,2,9.22,N/A
N/A,EC_005_INC-W4,10.58052/IEWDR01Q9,Sediment,113.5,6.86,21,-0.36,-1.158,0.539,0.53,0.0008,102,52,2,9.16,N/A
N/A,EC_005_INC-W5,10.58052/IEWDR01Q9,Sediment,116.1,6.72,21.1,-0.243,-0.785,0.613,0.605,0.0005,104,53,1,8.99,N/A
N/A,EC_009_INC-D1,10.58052/IEWDR01UU,Sediment,64.64,5.7,20.1,-0.602,-2.096,0.9,0.898,0.0005,106,54,1,10.2,N/A
N/A,EC_009_INC-D2,10.58052/IEWDR01UU,Sediment,65.08,5.67,20.2,-9.87,-34.317,0.507,0.261,0.1146,6,4,51,12.6,N/A
N/A,EC_009_INC-D3,10.58052/IEWDR01UU,Sediment,69.74,5.76,19.8,-0.239,-0.834,0.521,0.511,0.0005,104,53,2,9.42,N/A
N/A,EC_009_INC-D4,10.58052/IEWDR01UU,Sediment,68.47,5.78,19.8,-0.482,-1.687,0.833,0.83,0.0005,106,54,1,9.84,N/A
N/A,EC_009_INC-D5,10.58052/IEWDR01UU,Sediment,63.19,6.36,19.9,-2.475,-8.665,0.94,0.936,0.0028,30,16,39,8.69,N/A
N/A,EC_009_INC-W1,10.58052/IEWDR01UU,Sediment,75.2,6.9,19.8,-2.999,-10.514,0.854,0.839,0.0065,22,12,43,9.88,N/A
N/A,EC_009_INC-W2,10.58052/IEWDR01UU,Sediment,63.64,6.03,19.8,-3.909,-13.662,0.994,0.993,0.001,56,29,26,8.15,N/A
N/A,EC_009_INC-W3,10.58052/IEWDR01UU,Sediment,62.81,5.75,20.2,-4.162,-14.571,0.983,0.982,0.002,42,22,33,9.01,N/A
N/A,EC_009_INC-W4,10.58052/IEWDR01UU,Sediment,63.2,5.71,20,-2.966,-10.336,0.981,0.98,0.0013,54,28,27,8.5,N/A
N/A,EC_009_INC-W5,10.58052/IEWDR01UU,Sediment,63.33,5.68,20.1,-2.608,-9.088,0.957,0.957,0.0013,106,54,1,8.45,N/A
N/A,EC_011_INC-D1,10.58052/IEWDR01QE,Sediment,258.7,6.71,21.5,-119.4,-474.142,-9999,-9999,-9999,-9999,-9999,-9999,4.68,RATE_005
N/A,EC_011_INC-D2,10.58052/IEWDR01QE,Sediment,260.7,6.7,21.5,-213.9,-852.329,-9999,-9999,-9999,-9999,-9999,-9999,1.53,RATE_005
N/A,EC_011_INC-D3,10.58052/IEWDR01QE,Sediment,270.2,6.65,21.5,-219.6,-872.04,-9999,-9999,-9999,-9999,-9999,-9999,1.34,RATE_005
N/A,EC_011_INC-D4,10.58052/IEWDR01QE,Sediment,264.9,6.75,21.5,-218.1,-866.083,-9999,-9999,-9999,-9999,-9999,-9999,1.39,RATE_005
N/A,EC_011_INC-D5,10.58052/IEWDR01QE,Sediment,260.4,6.73,21.7,-191.7,-763.285,-9999,-9999,-9999,-9999,-9999,-9999,2.27,RATE_005
N/A,EC_011_INC-W1,10.58052/IEWDR01QE,Sediment,350.3,7.41,20.9,-258.375,-1037.478,-9999,-9999,-9999,-9999,-9999,-9999,DO_Below_0.095_ppm_LOD|Negative_Value_Raw_Not_Corrected|-9999_ppm_Final_Corrected,INC_008; DTL_003; RATE_005
N/A,EC_011_INC-W2,10.58052/IEWDR01QE,Sediment,330.2,6.93,21.1,-254.7,-1023.509,-9999,-9999,-9999,-9999,-9999,-9999,0.17,INC_008; RATE_005
N/A,EC_011_INC-W3,10.58052/IEWDR01QE,Sediment,310.8,6.87,21.2,-255,-1024.715,-9999,-9999,-9999,-9999,-9999,-9999,0.16,INC_008; RATE_005
N/A,EC_011_INC-W4,10.58052/IEWDR01QE,Sediment,261.2,6.79,21,-258.375,-1033.104,-9999,-9999,-9999,-9999,-9999,-9999,DO_Below_0.095_ppm_LOD|Negative_Value_Raw_Not_Corrected|-9999_ppm_Final_Corrected,INC_008; INC_008; DTL_003; RATE_005
N/A,EC_011_INC-W5,10.58052/IEWDR01QE,Sediment,341.7,6.66,21.7,-258.375,-1036.481,-9999,-9999,-9999,-9999,-9999,-9999,DO_Below_0.095_ppm_LOD|0.01_ppm_Raw_Not_Corrected|0.01_ppm_Final_Corrected,INC_008; DTL_003; RATE_005
N/A,EC_012_INC-D1,10.58052/IEWDR01QF,Sediment,289.6,6.71,21.7,-115.5,-538.864,-9999,-9999,-9999,-9999,-9999,-9999,4.81,RATE_005
N/A,EC_012_INC-D2,10.58052/IEWDR01QF,Sediment,267.9,6.88,21.7,-140.7,-661.491,-9999,-9999,-9999,-9999,-9999,-9999,3.97,RATE_005
N/A,EC_012_INC-D3,10.58052/IEWDR01QF,Sediment,280.2,6.74,21.6,-122.1,-569.044,-9999,-9999,-9999,-9999,-9999,-9999,4.59,RATE_005
N/A,EC_012_INC-D4,10.58052/IEWDR01QF,Sediment,283.6,6.79,21,-156,-728.461,-9999,-9999,-9999,-9999,-9999,-9999,3.46,RATE_005
N/A,EC_012_INC-D5,10.58052/IEWDR01QF,Sediment,261.3,6.88,21.1,-0.615,-6.251,0.951,0.95,0.0003,104,53,1,10.43,INC_Method_002
N/A,EC_012_INC-W1,10.58052/IEWDR01QF,Sediment,369.7,6.61,21.3,-225.3,-1062.272,-9999,-9999,-9999,-9999,-9999,-9999,1.15,INC_008; RATE_005
N/A,EC_012_INC-W2,10.58052/IEWDR01QF,Sediment,356.1,6.69,21.1,-238.5,-1132.232,-9999,-9999,-9999,-9999,-9999,-9999,0.71,INC_008; RATE_005
N/A,EC_012_INC-W3,10.58052/IEWDR01QF,Sediment,356.2,6.75,21.1,-243,-1150.273,-9999,-9999,-9999,-9999,-9999,-9999,0.56,INC_008; RATE_005
N/A,EC_012_INC-W4,10.58052/IEWDR01QF,Sediment,360.09,6.77,21.1,-252,-1196.32,-9999,-9999,-9999,-9999,-9999,-9999,0.26,INC_008; RATE_005
N/A,EC_012_INC-W5,10.58052/IEWDR01QF,Sediment,364.39,6.76,21.4,-213,-1006.268,-9999,-9999,-9999,-9999,-9999,-9999,1.56,INC_008; RATE_005
N/A,EC_013_INC-D1,10.58052/IEWDR01QG,Sediment,426.8,7.33,21.9,-3.792,-20.366,0.951,0.948,0.0037,32,17,35,8.05,N/A
N/A,EC_013_INC-D2,10.58052/IEWDR01QG,Sediment,427.7,7.2,22,-1.985,-10.637,0.975,0.974,0.0008,98,50,2,8.27,N/A
N/A,EC_013_INC-D3,10.58052/IEWDR01QG,Sediment,437.4,7.16,21.7,-1.613,-8.654,0.986,0.985,0.0005,98,50,2,8.46,N/A
N/A,EC_013_INC-D4,10.58052/IEWDR01QG,Sediment,436.1,7.29,21.6,-9999,-9999,-9999,-9999,-9999,-9999,-9999,-9999,-9999,INC_QA_004
N/A,EC_013_INC-D5,10.58052/IEWDR01QG,Sediment,433.7,7.3,21.4,-5.181,-27.77,0.967,0.964,0.0044,28,15,37,8.33,N/A
N/A,EC_013_INC-W1,10.58052/IEWDR01QG,Sediment,438.9,7.32,21.4,-16.2,-86.918,0.983,0.974,0.0252,6,4,48,6.03,N/A
N/A,EC_013_INC-W2,10.58052/IEWDR01QG,Sediment,446.2,6.99,21.5,-18.45,-98.654,0.967,0.95,0.0404,6,4,48,6.81,N/A
N/A,EC_013_INC-W3,10.58052/IEWDR01QG,Sediment,439.6,7.64,21.2,-8.221,-44.011,0.987,0.985,0.0064,14,8,44,5.83,N/A
N/A,EC_013_INC-W4,10.58052/IEWDR01QG,Sediment,435.8,7.09,21.3,-13.17,-70.576,0.94,0.91,0.0393,6,4,48,6.59,N/A
N/A,EC_013_INC-W5,10.58052/IEWDR01QG,Sediment,444.6,6.99,21.5,-9999,-9999,-9999,-9999,-9999,-9999,-9999,-9999,-9999,INC_QA_004
N/A,EC_014_INC-D1,10.58052/IEWDR01QH,Sediment,129.2,6.84,21,-0.284,-1.186,0.785,0.78,0.0004,102,52,2,9.83,N/A
N/A,EC_014_INC-D2,10.58052/IEWDR01QH,Sediment,125.3,7,21.1,-0.432,-1.808,0.828,0.825,0.0005,102,52,2,9.58,N/A
N/A,EC_014_INC-D3,10.58052/IEWDR01QH,Sediment,133.2,6.71,20.9,-0.273,-1.143,0.821,0.818,0.0003,104,53,1,9.5,N/A
N/A,EC_014_INC-D4,10.58052/IEWDR01QH,Sediment,127.8,6.5,21.1,-0.335,-1.402,0.968,0.967,0.0001,102,52,2,9.2,N/A
N/A,EC_014_INC-D5,10.58052/IEWDR01QH,Sediment,126.1,6.49,21.1,-0.304,-1.275,0.859,0.857,0.0003,102,52,2,9.28,N/A
N/A,EC_014_INC-W1,10.58052/IEWDR01QH,Sediment,103.1,6.26,21.2,-0.359,-1.502,0.941,0.94,0.0002,100,51,1,-9999,INC_009
N/A,EC_014_INC-W2,10.58052/IEWDR01QH,Sediment,105.1,6.7,20.09,-0.446,-1.873,0.953,0.952,0.0002,102,52,2,7.15,N/A
N/A,EC_014_INC-W3,10.58052/IEWDR01QH,Sediment,104.6,7.07,21.1,-136.2,-570.942,-9999,-9999,-9999,-9999,-9999,-9999,4.15,RATE_005
N/A,EC_014_INC-W4,10.58052/IEWDR01QH,Sediment,103,6.89,21,-137.4,-573.438,-9999,-9999,-9999,-9999,-9999,-9999,4.11,RATE_005
N/A,EC_014_INC-W5,10.58052/IEWDR01QH,Sediment,102.7,6.88,21,-9999,-9999,-9999,-9999,-9999,-9999,-9999,-9999,-9999,INC_QA_004
N/A,EC_017_INC-D1,10.58052/IEWDR01QK,Sediment,280.7,6.41,20.7,-0.429,-1.361,0.893,0.891,0.0004,100,51,2,11.3,N/A
N/A,EC_017_INC-D2,10.58052/IEWDR01QK,Sediment,280.8,5.87,20.8,0,0,0.478,0.467,0.0004,100,51,2,9.98,N/A
N/A,EC_017_INC-D3,10.58052/IEWDR01QK,Sediment,276.3,6.19,20.8,-0.337,-1.062,0.861,0.858,0.0003,102,52,1,9.55,N/A
N/A,EC_017_INC-D4,10.58052/IEWDR01QK,Sediment,279.6,6.29,20.8,-0.106,-0.336,0.465,0.454,0.0003,100,51,2,8.37,N/A
N/A,EC_017_INC-D5,10.58052/IEWDR01QK,Sediment,279.6,6.11,20.6,-5.261,-16.501,0.957,0.948,0.0084,12,7,46,10.45,N/A
N/A,EC_017_INC-W1,10.58052/IEWDR01QK,Sediment,291.9,8.66,20.8,-1.348,-4.273,0.92,0.915,0.0016,38,20,33,8.8,N/A
N/A,EC_017_INC-W2,10.58052/IEWDR01QK,Sediment,280.5,6.93,20.8,-0.801,-2.532,0.931,0.929,0.0005,100,51,2,9.32,N/A
N/A,EC_017_INC-W3,10.58052/IEWDR01QK,Sediment,280.7,6.6,20.6,-0.756,-2.376,0.929,0.928,0.0005,100,51,2,10.02,N/A
N/A,EC_017_INC-W4,10.58052/IEWDR01QK,Sediment,279.6,6.46,20.7,-0.569,-1.804,0.886,0.883,0.0005,102,52,1,8.39,N/A
N/A,EC_017_INC-W5,10.58052/IEWDR01QK,Sediment,279.2,6.41,20.7,-1.98,-6.267,0.863,0.843,0.005,16,9,44,8.57,N/A
N/A,EC_018_INC-D1,10.58052/IEWDR01QL,Sediment,538.3,6.64,21,-0.098,-0.379,0.163,0.146,0.0005,102,52,2,9.69,N/A
N/A,EC_018_INC-D2,10.58052/IEWDR01QL,Sediment,534.1,6.59,20.09,0,0,0.508,0.499,0.0003,102,52,2,9.88,N/A
N/A,EC_018_INC-D3,10.58052/IEWDR01QL,Sediment,535.7,6.64,21.2,0,0,0.469,0.459,0.0003,104,53,1,9.63,N/A
N/A,EC_018_INC-D4,10.58052/IEWDR01QL,Sediment,541.9,6.79,21.1,0,0,0.539,0.53,0.0005,104,53,1,9.95,N/A
N/A,EC_018_INC-D5,10.58052/IEWDR01QL,Sediment,571.6,6.45,21,0,0,0.356,0.343,0.0006,102,52,2,10.41,N/A
N/A,EC_018_INC-W1,10.58052/IEWDR01QL,Sediment,525.8,6.2,21.6,-0.271,-1.049,0.537,0.527,0.0006,102,52,2,7.82,N/A
N/A,EC_018_INC-W2,10.58052/IEWDR01QL,Sediment,536.8,6.2,21.1,-0.464,-1.798,0.937,0.936,0.0003,104,53,1,8.35,N/A
N/A,EC_018_INC-W3,10.58052/IEWDR01QL,Sediment,533.1,6.51,20.4,-132.9,-514.079,-9999,-9999,-9999,-9999,-9999,52,7.67,N/A
N/A,EC_018_INC-W4,10.58052/IEWDR01QL,Sediment,527.5,6.4,20.9,-0.467,-1.802,0.883,0.881,0.0004,102,52,2,7.95,N/A
N/A,EC_018_INC-W5,10.58052/IEWDR01QL,Sediment,527.2,6.69,21.02,-0.201,-0.777,0.803,0.799,0.0002,102,52,2,7.58,N/A
N/A,EC_021_INC-D1,10.58052/IEWDR01QN,Sediment,1186,7.37,20.8,0,0,0.094,0.076,0.0011,100,51,2,9.9,N/A
N/A,EC_021_INC-D2,10.58052/IEWDR01QN,Sediment,1183,7.49,20.7,0,0,0.745,0.74,0.0004,100,51,2,7.76,N/A
N/A,EC_021_INC-D3,10.58052/IEWDR01QN,Sediment,1185,7.42,20.8,0,0,0.684,0.678,0.0009,100,51,2,8.32,N/A
N/A,EC_021_INC-D4,10.58052/IEWDR01QN,Sediment,1161,7.51,21,-0.332,-1.072,0.791,0.787,0.0004,100,51,2,8.33,N/A
N/A,EC_021_INC-D5,10.58052/IEWDR01QN,Sediment,1185,7.46,21,-0.519,-1.647,0.938,0.936,0.0003,100,51,2,9.57,N/A
N/A,EC_021_INC-W1,10.58052/IEWDR01QN,Sediment,1190,8,20.6,-0.168,-0.531,0.236,0.221,0.0007,100,51,2,7.46,N/A
N/A,EC_021_INC-W2,10.58052/IEWDR01QN,Sediment,1157,7.62,20.9,-0.149,-0.471,0.252,0.237,0.0006,100,51,2,8.09,N/A
N/A,EC_021_INC-W3,10.58052/IEWDR01QN,Sediment,1157,7.46,20.9,-1.147,-3.643,0.884,0.878,0.0016,38,20,33,8.47,N/A
N/A,EC_021_INC-W4,10.58052/IEWDR01QN,Sediment,1163,7.58,20.7,-0.12,-0.38,0.222,0.206,0.0005,102,52,1,7.73,N/A
N/A,EC_021_INC-W5,10.58052/IEWDR01QN,Sediment,1143,7.4,20.1,-0.662,-2.098,0.857,0.854,0.0006,102,52,1,6.82,N/A
N/A,EC_022_INC-D1,10.58052/IEWDR01QO,Sediment,80.29,6.59,21.5,-0.495,-1.6,0.823,0.82,0.0005,102,52,2,9.21,N/A
N/A,EC_022_INC-D2,10.58052/IEWDR01QO,Sediment,87.94,6.54,21.7,-0.23,-0.749,0.432,0.42,0.0006,102,52,2,8.24,N/A
N/A,EC_022_INC-D3,10.58052/IEWDR01QO,Sediment,87.03,6.53,21.6,-0.185,-0.602,0.331,0.318,0.0006,104,53,1,8.91,N/A
N/A,EC_022_INC-D4,10.58052/IEWDR01QO,Sediment,88.78,6.55,21.1,-0.3,-0.965,0.597,0.589,0.0006,104,53,1,9.45,N/A
N/A,EC_022_INC-D5,10.58052/IEWDR01QO,Sediment,46.98,6.61,21.4,-0.26,-0.843,0.747,0.742,0.0004,102,52,2,8.01,INC_003
N/A,EC_022_INC-W1,10.58052/IEWDR01QO,Sediment,83.39,7.86,20.7,-8.92,-28.906,0.888,0.872,0.02,16,9,45,7.97,N/A
N/A,EC_022_INC-W2,10.58052/IEWDR01QO,Sediment,70.91,7.64,21.1,-4.846,-15.628,0.834,0.825,0.0083,40,21,33,8.12,N/A
N/A,EC_022_INC-W3,10.58052/IEWDR01QO,Sediment,71.7,6.81,21,-99.9,-323.112,-9999,-9999,-9999,-9999,-9999,-9999,5.46,RATE_005
N/A,EC_022_INC-W4,10.58052/IEWDR01QO,Sediment,73.32,6.76,20.8,-5.13,-16.578,0.967,0.963,0.0053,20,11,43,5.74,N/A
N/A,EC_022_INC-W5,10.58052/IEWDR01QO,Sediment,72.09,6.62,21.3,-11.91,-38.489,0.895,0.86,0.0392,8,5,49,6.39,N/A
N/A,EC_023_INC-D1,10.58052/IEWDR01QP,Sediment,122.7,6.38,21.5,-262.245,-9999,-9999,-9999,-9999,-9999,-9999,-9999,DO_Below_0.097_ppm_LOD|Negative_Value_Raw_Not_Corrected|-9999_ppm_Final_Corrected,MOI_002; DTL_003; RATE_005
N/A,EC_023_INC-D2,10.58052/IEWDR01QP,Sediment,108.7,6.32,21.3,-1.017,-9999,0.958,0.957,0.0005,102,52,2,9.26,MOI_002
N/A,EC_023_INC-D3,10.58052/IEWDR01QP,Sediment,117.4,6.41,21.2,-213.3,-9999,-9999,-9999,-9999,-9999,-9999,-9999,1.68,MOI_002; RATE_005
N/A,EC_023_INC-D4,10.58052/IEWDR01QP,Sediment,119.2,6.49,21,-262.245,-9999,-9999,-9999,-9999,-9999,-9999,-9999,DO_Below_0.097_ppm_LOD|Negative_Value_Raw_Not_Corrected|-9999_ppm_Final_Corrected,MOI_002; DTL_003; RATE_005
N/A,EC_023_INC-D5,10.58052/IEWDR01QP,Sediment,117.2,6.57,21.5,-245.4,-9999,-9999,-9999,-9999,-9999,-9999,-9999,0.61,MOI_002; RATE_005
N/A,EC_023_INC-W1,10.58052/IEWDR01QP,Sediment,145.8,6.42,21.2,-243.3,-9999,-9999,-9999,-9999,-9999,-9999,-9999,0.68,MOI_002; RATE_005
N/A,EC_023_INC-W2,10.58052/IEWDR01QP,Sediment,139,6.46,21.1,-262.245,-9999,-9999,-9999,-9999,-9999,-9999,-9999,DO_Below_0.097_ppm_LOD|Negative_Value_Raw_Not_Corrected|-9999_ppm_Final_Corrected,MOI_002; DTL_003; RATE_005
N/A,EC_023_INC-W3,10.58052/IEWDR01QP,Sediment,139.9,7.1,21.1,-262.245,-9999,-9999,-9999,-9999,-9999,-9999,-9999,DO_Below_0.097_ppm_LOD|Negative_Value_Raw_Not_Corrected|-9999_ppm_Final_Corrected,MOI_002; DTL_003; RATE_005
N/A,EC_023_INC-W4,10.58052/IEWDR01QP,Sediment,137.1,6.9,21.1,-257.1,-9999,-9999,-9999,-9999,-9999,-9999,-9999,0.22,MOI_002; RATE_005
N/A,EC_023_INC-W5,10.58052/IEWDR01QP,Sediment,136.5,6.7,21.1,-223.5,-9999,-9999,-9999,-9999,-9999,-9999,-9999,1.34,MOI_002; RATE_005
N/A,EC_024_INC-D1,10.58052/IEWDR01QQ,Sediment,238.4,6.42,21.5,0,0,0.756,0.751,0.0006,102,52,1,9.15,N/A
N/A,EC_024_INC-D2,10.58052/IEWDR01QQ,Sediment,254.3,6.72,21.3,0,0,0.357,0.344,0.0008,100,51,2,9.17,N/A
N/A,EC_024_INC-D3,10.58052/IEWDR01QQ,Sediment,248.7,5.99,21.7,0,0,0.325,0.311,0.0009,100,51,2,10.61,N/A
N/A,EC_024_INC-D4,10.58052/IEWDR01QQ,Sediment,254.3,6.08,21.7,0,0,0.329,0.316,0.0008,100,51,2,9.73,N/A
N/A,EC_024_INC-D5,10.58052/IEWDR01QQ,Sediment,262.9,6.24,21.6,0,0,0.293,0.279,0.0007,100,51,2,9.79,N/A
N/A,EC_024_INC-W1,10.58052/IEWDR01QQ,Sediment,226.9,6.3,21.7,-4.123,-11.994,0.904,0.88,0.0112,10,6,47,9.2,N/A
N/A,EC_024_INC-W2,10.58052/IEWDR01QQ,Sediment,223.2,6.43,21.5,-1.145,-3.351,0.985,0.985,0.0003,100,51,2,7.73,N/A
N/A,EC_024_INC-W3,10.58052/IEWDR01QQ,Sediment,223.4,6.58,21.4,-1.209,-3.507,0.985,0.985,0.0004,100,51,2,8.37,N/A
N/A,EC_024_INC-W4,10.58052/IEWDR01QQ,Sediment,225.5,6.82,21,-1.564,-4.52,0.981,0.981,0.0005,100,51,2,7.34,N/A
N/A,EC_024_INC-W5,10.58052/IEWDR01QQ,Sediment,218.9,6.08,21.6,-2.934,-8.545,0.987,0.986,0.0014,34,18,35,7.59,N/A
N/A,EC_027_INC-D1,10.58052/IEWDR01QR,Sediment,1157,6.99,21.6,-9999,-9999,-9999,-9999,-9999,-9999,-9999,-9999,-9999,INC_QA_004
N/A,EC_027_INC-D2,10.58052/IEWDR01QR,Sediment,1102,7.08,21.8,-9999,-9999,-9999,-9999,-9999,-9999,-9999,-9999,-9999,INC_QA_004
N/A,EC_027_INC-D3,10.58052/IEWDR01QR,Sediment,1123,7.16,21.6,-3.303,-17.212,0.966,0.963,0.0028,30,16,36,7.98,N/A
N/A,EC_027_INC-D4,10.58052/IEWDR01QR,Sediment,1117,7.12,22,-109.8,-572.278,-9999,-9999,-9999,-9999,-9999,-9999,4.98,RATE_005
N/A,EC_027_INC-D5,10.58052/IEWDR01QR,Sediment,1037,7.03,21.8,-7.875,-40.955,0.968,0.964,0.009,16,9,43,8.32,N/A
N/A,EC_027_INC-W1,10.58052/IEWDR01QR,Sediment,1097,6.44,21.4,-182.7,-952.232,-9999,-9999,-9999,-9999,-9999,-9999,2.55,RATE_005
N/A,EC_027_INC-W2,10.58052/IEWDR01QR,Sediment,1078,7.17,21.6,-257.775,-1344.868,-9999,-9999,-9999,-9999,-9999,-9999,DO_Below_0.095_ppm_LOD|Negative_Value_Raw_Not_Corrected|-9999_ppm_Final_Corrected,DTL_003; RATE_005
N/A,EC_027_INC-W3,10.58052/IEWDR01QR,Sediment,1002,6.85,21.5,-243.9,-1273.754,-9999,-9999,-9999,-9999,-9999,-9999,0.51,RATE_005
N/A,EC_027_INC-W4,10.58052/IEWDR01QR,Sediment,1070,6.92,21.5,-257.775,-1340.584,-9999,-9999,-9999,-9999,-9999,-9999,DO_Below_0.095_ppm_LOD|Negative_Value_Raw_Not_Corrected|-9999_ppm_Final_Corrected,DTL_003; RATE_005
N/A,EC_027_INC-W5,10.58052/IEWDR01QR,Sediment,1033,7.11,21.4,-9999,-9999,-9999,-9999,-9999,-9999,-9999,-9999,-9999,INC_QA_004
N/A,EC_032_INC-D1,10.58052/IEWDR01QT,Sediment,607.9,7.09,19.7,-221.4,-1145.504,-9999,-9999,-9999,-9999,-9999,-9999,1.46,RATE_005
N/A,EC_032_INC-D2,10.58052/IEWDR01QT,Sediment,616.1,7.35,20.2,-260.7,-1408.906,-9999,-9999,-9999,-9999,-9999,-9999,0.15,RATE_005
N/A,EC_032_INC-D3,10.58052/IEWDR01QT,Sediment,669.4,7.45,19.6,-186,-995.223,-9999,-9999,-9999,-9999,-9999,-9999,2.64,RATE_005
N/A,EC_032_INC-D4,10.58052/IEWDR01QT,Sediment,642.1,7.51,19.5,-238.2,-1271.692,-9999,-9999,-9999,-9999,-9999,-9999,0.9,RATE_005
N/A,EC_032_INC-D5,10.58052/IEWDR01QT,Sediment,677.4,7.76,19.9,-132.6,-677.374,-9999,-9999,-9999,-9999,-9999,-9999,4.42,INC_004; RATE_005
N/A,EC_032_INC-W1,10.58052/IEWDR01QT,Sediment,603.7,6.74,19.8,-263.745,-1414.363,-9999,-9999,-9999,-9999,-9999,-9999,DO_Below_0.097_ppm_LOD|Negative_Value_Raw_Not_Corrected|-9999_ppm_Final_Corrected,DTL_003; RATE_005
N/A,EC_032_INC-W2,10.58052/IEWDR01QT,Sediment,590.3,6.94,20.3,-263.745,-1422.165,-9999,-9999,-9999,-9999,-9999,-9999,DO_Below_0.097_ppm_LOD|Negative_Value_Raw_Not_Corrected|-9999_ppm_Final_Corrected,DTL_003; RATE_005
N/A,EC_032_INC-W3,10.58052/IEWDR01QT,Sediment,589.5,7,19.9,-263.745,-1386.976,-9999,-9999,-9999,-9999,-9999,-9999,DO_Below_0.097_ppm_LOD|Negative_Value_Raw_Not_Corrected|-9999_ppm_Final_Corrected,DTL_003; RATE_005
N/A,EC_032_INC-W4,10.58052/IEWDR01QT,Sediment,607.1,7.22,20.3,-263.745,-1379.265,-9999,-9999,-9999,-9999,-9999,-9999,DO_Below_0.097_ppm_LOD|0.01_ppm_Raw_Not_Corrected|0.01_ppm_Final_Corrected,DTL_003; RATE_005
N/A,EC_032_INC-W5,10.58052/IEWDR01QT,Sediment,601.5,7.3,20.2,-263.745,-1385.322,-9999,-9999,-9999,-9999,-9999,-9999,DO_Below_0.097_ppm_LOD|Negative_Value_Raw_Not_Corrected|-9999_ppm_Final_Corrected,DTL_003; RATE_005
N/A,EC_033_INC-D1,10.58052/IEWDR01QU,Sediment,1181,7.62,20.9,0,0,0.643,0.636,0.0005,102,52,1,9.09,N/A
N/A,EC_033_INC-D2,10.58052/IEWDR01QU,Sediment,1157,7.57,20.6,0,0,0.604,0.597,0.0009,102,52,1,8.62,N/A
N/A,EC_033_INC-D3,10.58052/IEWDR01QU,Sediment,1176,7.36,20.9,0,0,0.644,0.637,0.0008,100,51,2,8.12,N/A
N/A,EC_033_INC-D4,10.58052/IEWDR01QU,Sediment,1169,7.62,20.8,-0.18,-0.571,0.161,0.144,0.001,100,51,2,7.53,N/A
N/A,EC_033_INC-D5,10.58052/IEWDR01QU,Sediment,1189,7.66,20.9,0,0,0.67,0.664,0.0008,100,51,2,8.49,N/A
N/A,EC_033_INC-W1,10.58052/IEWDR01QU,Sediment,1155,7.7,20.8,-0.035,-0.112,0.028,0.008,0.0005,102,52,1,7.9,N/A
N/A,EC_033_INC-W2,10.58052/IEWDR01QU,Sediment,1131,7.67,21,0,0,0.661,0.654,0.0005,100,51,2,8.9,N/A
N/A,EC_033_INC-W3,10.58052/IEWDR01QU,Sediment,1144,7.46,20.8,0,0,0.737,0.732,0.0006,100,51,2,7.34,N/A
N/A,EC_033_INC-W4,10.58052/IEWDR01QU,Sediment,1140,7.68,20.8,0,0,0.81,0.806,0.0006,102,52,1,8.16,N/A
N/A,EC_033_INC-W5,10.58052/IEWDR01QU,Sediment,1137,7.63,20.7,0,0,0.827,0.823,0.0006,100,51,2,7.93,N/A
N/A,EC_034_INC-D1,10.58052/IEWDR01QV,Sediment,494.9,6.5,20.9,-1.369,-4.717,0.988,0.988,0.0004,98,50,4,9.09,N/A
N/A,EC_034_INC-D2,10.58052/IEWDR01QV,Sediment,500.8,6.45,21.7,-1.323,-4.553,0.954,0.953,0.0007,104,53,1,9.75,N/A
N/A,EC_034_INC-D3,10.58052/IEWDR01QV,Sediment,479.3,6.3,20.7,-1.095,-3.782,0.498,0.468,0.0044,36,19,35,8.95,N/A
N/A,EC_034_INC-D4,10.58052/IEWDR01QV,Sediment,489,6.85,21.7,-1.113,-3.865,0.864,0.862,0.001,104,53,1,9.11,N/A
N/A,EC_034_INC-D5,10.58052/IEWDR01QV,Sediment,481.6,7.22,20.6,-1.868,-6.437,0.94,0.938,0.0013,74,38,16,9.34,N/A
N/A,EC_034_INC-W1,10.58052/IEWDR01QV,Sediment,415.5,6.7,21.9,-224.7,-771.394,-9999,-9999,-9999,-9999,-9999,-9999,1.21,RATE_005
N/A,EC_034_INC-W2,10.58052/IEWDR01QV,Sediment,409.6,6.57,21.8,-259.56,-895.21,-9999,-9999,-9999,-9999,-9999,-9999,DO_Below_0.096_ppm_LOD|0.08_ppm_Raw_Not_Corrected|0.08_ppm_Final_Corrected,DTL_003; RATE_005
N/A,EC_034_INC-W3,10.58052/IEWDR01QV,Sediment,419.5,6.45,21.7,-206.4,-712.345,-9999,-9999,-9999,-9999,-9999,-9999,1.82,RATE_005
N/A,EC_034_INC-W4,10.58052/IEWDR01QV,Sediment,423,6.42,21.7,-252.9,-865.703,-9999,-9999,-9999,-9999,-9999,-9999,0.27,RATE_005
N/A,EC_034_INC-W5,10.58052/IEWDR01QV,Sediment,403.4,6.42,21.1,-243.6,-843.345,-9999,-9999,-9999,-9999,-9999,-9999,0.58,RATE_005
N/A,EC_035_INC-D1,10.58052/IEWDR01QW,Sediment,279.8,7.14,20.1,-265.83,-1883.835,-9999,-9999,-9999,-9999,-9999,-9999,DO_Below_0.098_ppm_LOD|0.07_ppm_Raw_Not_Corrected|0.07_ppm_Final_Corrected,DTL_003; RATE_005
N/A,EC_035_INC-D2,10.58052/IEWDR01QW,Sediment,261.7,7.06,19.8,-265.83,-1902.357,-9999,-9999,-9999,-9999,-9999,-9999,DO_Below_0.098_ppm_LOD|Negative_Value_Raw_Not_Corrected|-9999_ppm_Final_Corrected,DTL_003; RATE_005
N/A,EC_035_INC-D3,10.58052/IEWDR01QW,Sediment,254.5,7.16,20,-117.3,-828.93,-9999,-9999,-9999,-9999,-9999,-9999,5,RATE_005
N/A,EC_035_INC-D4,10.58052/IEWDR01QW,Sediment,274.9,7.09,19.9,-265.83,-1888.792,-9999,-9999,-9999,-9999,-9999,-9999,DO_Below_0.098_ppm_LOD|Negative_Value_Raw_Not_Corrected|-9999_ppm_Final_Corrected,DTL_003; RATE_005
N/A,EC_035_INC-D5,10.58052/IEWDR01QW,Sediment,274.9,6.86,18.8,-263.1,-1864.488,-9999,-9999,-9999,-9999,-9999,-9999,0.14,RATE_005
N/A,EC_035_INC-W1,10.58052/IEWDR01QW,Sediment,296.4,7.53,20.1,-265.83,-1883.835,-9999,-9999,-9999,-9999,-9999,-9999,DO_Below_0.098_ppm_LOD|Negative_Value_Raw_Not_Corrected|-9999_ppm_Final_Corrected,DTL_003; RATE_005
N/A,EC_035_INC-W2,10.58052/IEWDR01QW,Sediment,282.8,7.11,20,-265.83,-1881.017,-9999,-9999,-9999,-9999,-9999,-9999,DO_Below_0.098_ppm_LOD|Negative_Value_Raw_Not_Corrected|-9999_ppm_Final_Corrected,DTL_003; RATE_005
N/A,EC_035_INC-W3,10.58052/IEWDR01QW,Sediment,272.9,7.14,19.9,-265.83,-1888.792,-9999,-9999,-9999,-9999,-9999,-9999,DO_Below_0.098_ppm_LOD|0.08_ppm_Raw_Not_Corrected|0.08_ppm_Final_Corrected,DTL_003; RATE_005
N/A,EC_035_INC-W4,10.58052/IEWDR01QW,Sediment,283.5,7.07,20.1,-265.83,-1881.017,-9999,-9999,-9999,-9999,-9999,-9999,DO_Below_0.098_ppm_LOD|Negative_Value_Raw_Not_Corrected|-9999_ppm_Final_Corrected,DTL_003; RATE_005
N/A,EC_035_INC-W5,10.58052/IEWDR01QW,Sediment,285.5,7.03,19.9,-265.83,-1883.835,-9999,-9999,-9999,-9999,-9999,-9999,DO_Below_0.098_ppm_LOD|Negative_Value_Raw_Not_Corrected|-9999_ppm_Final_Corrected,DTL_003; RATE_005
N/A,EC_037_INC-D1,10.58052/IEWDR01QX,Sediment,361.1,6.34,21.1,-2.079,-6.034,0.675,0.621,0.0098,14,8,44,9.91,N/A
N/A,EC_037_INC-D2,10.58052/IEWDR01QX,Sediment,358.6,6.28,21.4,-1.62,-4.671,0.93,0.925,0.002,30,16,36,9.46,N/A
N/A,EC_037_INC-D3,10.58052/IEWDR01QX,Sediment,363.8,6.72,20.9,-1.511,-4.342,0.955,0.952,0.0014,32,17,35,9.17,N/A
N/A,EC_037_INC-D4,10.58052/IEWDR01QX,Sediment,367.1,6.57,21.2,-0.469,-1.345,0.693,0.687,0.0007,100,51,1,9.96,N/A
N/A,EC_037_INC-D5,10.58052/IEWDR01QX,Sediment,366.9,6.69,20.8,-0.559,-1.624,0.928,0.927,0.0004,98,50,2,9.96,N/A
N/A,EC_037_INC-W1,10.58052/IEWDR01QX,Sediment,361.3,7.01,20.7,-1.867,-5.351,0.984,0.984,0.0006,98,50,2,7.06,N/A
N/A,EC_037_INC-W2,10.58052/IEWDR01QX,Sediment,353,6.61,21,-1.77,-5.054,0.978,0.977,0.0006,100,51,1,7.14,N/A
N/A,EC_037_INC-W3,10.58052/IEWDR01QX,Sediment,352.2,6.86,21.2,-4.44,-12.922,0.824,0.736,0.0242,6,4,48,7.31,N/A
N/A,EC_037_INC-W4,10.58052/IEWDR01QX,Sediment,351,6.63,20.7,-1.943,-5.521,0.984,0.983,0.0007,80,41,11,6.61,N/A
N/A,EC_037_INC-W5,10.58052/IEWDR01QX,Sediment,361.3,6.43,20.1,-4.44,-12.494,0.919,0.907,0.0083,16,9,43,6.83,N/A
N/A,EC_038_INC-D1,10.58052/IEWDR01QY,Sediment,162.1,6.48,20.9,-0.45,-1.389,0.905,0.903,0.0004,98,50,2,9.75,N/A
N/A,EC_038_INC-D2,10.58052/IEWDR01QY,Sediment,153.6,6.84,20.8,-0.336,-1.034,0.925,0.924,0.0002,98,50,2,8.31,N/A
N/A,EC_038_INC-D3,10.58052/IEWDR01QY,Sediment,148.3,6.88,20.9,-0.208,-0.657,0.709,0.703,0.0003,98,50,2,8.72,N/A
N/A,EC_038_INC-D4,10.58052/IEWDR01QY,Sediment,171.5,6.52,20.1,-0.243,-0.746,0.674,0.667,0.0004,98,50,2,9.3,N/A
N/A,EC_038_INC-D5,10.58052/IEWDR01QY,Sediment,163.5,6.53,21.3,-0.371,-1.163,0.927,0.926,0.0002,98,50,2,9.8,N/A
N/A,EC_038_INC-W1,10.58052/IEWDR01QY,Sediment,148.4,6.65,20.9,-5.425,-16.693,0.936,0.926,0.009,16,9,43,5.65,N/A
N/A,EC_038_INC-W2,10.58052/IEWDR01QY,Sediment,157.9,6.93,20.9,-14.64,-45.905,0.868,0.802,0.0673,6,4,48,6.13,N/A
N/A,EC_038_INC-W3,10.58052/IEWDR01QY,Sediment,141.3,7.01,20.9,-5.413,-16.82,0.921,0.911,0.0093,18,10,42,5.79,N/A
N/A,EC_038_INC-W4,10.58052/IEWDR01QY,Sediment,146.1,6.57,21.3,-12.231,-38.351,0.891,0.864,0.0356,10,6,46,6.74,N/A
N/A,EC_038_INC-W5,10.58052/IEWDR01QY,Sediment,139.9,6.75,20.9,-109.8,-341.887,-9999,-9999,-9999,-9999,-9999,-9999,5.4,RATE_005
N/A,EC_039_INC-D1,10.58052/IEWDR01QZ,Sediment,527.9,7.74,20.6,0,0,0.006,0.013,0.0006,104,53,1,9.55,N/A
N/A,EC_039_INC-D2,10.58052/IEWDR01QZ,Sediment,525.6,7.74,20.6,0,0,0.154,0.137,0.0004,104,53,1,9.63,N/A
N/A,EC_039_INC-D3,10.58052/IEWDR01QZ,Sediment,521.5,7.46,20.4,0,0,0.383,0.371,0.0004,102,52,2,9.13,N/A
N/A,EC_039_INC-D4,10.58052/IEWDR01QZ,Sediment,532.9,7.69,20.3,0,0,0.234,0.219,0.0005,102,52,2,9.24,N/A
N/A,EC_039_INC-D5,10.58052/IEWDR01QZ,Sediment,524.5,7.32,20.3,0,0,0.071,0.052,0.0004,102,52,2,8.78,N/A
N/A,EC_039_INC-W1,10.58052/IEWDR01QZ,Sediment,514.7,7.04,20.5,-0.659,-2.134,0.944,0.943,0.0004,102,52,2,7.46,N/A
N/A,EC_039_INC-W2,10.58052/IEWDR01QZ,Sediment,506.2,7.16,20.5,-8.43,-27.827,0.969,0.953,0.0178,6,4,50,7.47,N/A
N/A,EC_039_INC-W3,10.58052/IEWDR01QZ,Sediment,499.9,7.45,20.2,-0.417,-1.368,0.809,0.805,0.0005,104,53,1,6.53,N/A
N/A,EC_039_INC-W4,10.58052/IEWDR01QZ,Sediment,512.2,7.47,20.2,-0.525,-1.712,0.851,0.848,0.0005,104,53,1,6.6,N/A
N/A,EC_039_INC-W5,10.58052/IEWDR01QZ,Sediment,486.8,7.61,20.4,-10.56,-34.429,0.895,0.842,0.0427,6,4,50,6.99,N/A
N/A,EC_040_INC-D1,10.58052/IEWDR01R0,Sediment,528.2,7.52,20.1,-0.792,-2.871,0.879,0.876,0.0007,102,52,1,9.26,N/A
N/A,EC_040_INC-D2,10.58052/IEWDR01R0,Sediment,534.3,7.35,19.7,-0.274,-0.996,0.749,0.744,0.0004,102,52,1,9.93,N/A
N/A,EC_040_INC-D3,10.58052/IEWDR01R0,Sediment,544,7.27,20.1,-0.248,-0.903,0.576,0.568,0.0005,100,51,2,9.91,N/A
N/A,EC_040_INC-D4,10.58052/IEWDR01R0,Sediment,542.2,7.5,19.9,-0.279,-1.013,0.39,0.377,0.0008,100,51,2,10.81,N/A
N/A,EC_040_INC-D5,10.58052/IEWDR01R0,Sediment,526,7.54,19.9,-0.442,-1.631,0.96,0.959,0.0002,102,52,1,10.93,N/A
N/A,EC_040_INC-W1,10.58052/IEWDR01R0,Sediment,486.1,7.45,20,-208.2,-768.144,-9999,-9999,-9999,-9999,-9999,-9999,1.97,RATE_005
N/A,EC_040_INC-W2,10.58052/IEWDR01R0,Sediment,502.3,7.17,19.9,-246.3,-898.49,-9999,-9999,-9999,-9999,-9999,-9999,0.7,RATE_005
N/A,EC_040_INC-W3,10.58052/IEWDR01R0,Sediment,479.2,7.3,19.9,-233.4,-859.075,-9999,-9999,-9999,-9999,-9999,-9999,1.13,RATE_005
N/A,EC_040_INC-W4,10.58052/IEWDR01R0,Sediment,499.9,7.28,20.3,-256.5,-946.345,-9999,-9999,-9999,-9999,-9999,-9999,0.36,RATE_005
N/A,EC_040_INC-W5,10.58052/IEWDR01R0,Sediment,494.8,7.35,20.2,-169.5,-621.377,-9999,-9999,-9999,-9999,-9999,-9999,3.26,RATE_005
N/A,EC_041_INC-D1,10.58052/IEWDR01R1,Sediment,234.7,7.39,20.3,-6.561,-24.492,0.95,0.942,0.0102,14,8,37,5.99,N/A
N/A,EC_041_INC-D2,10.58052/IEWDR01R1,Sediment,217.8,7.52,20.7,-0.838,-3.115,0.899,0.896,0.0007,84,43,2,9.78,N/A
N/A,EC_041_INC-D3,10.58052/IEWDR01R1,Sediment,231.5,7.35,20.5,-6.965,-25.914,0.891,0.877,0.0144,18,10,35,6.31,N/A
N/A,EC_041_INC-D4,10.58052/IEWDR01R1,Sediment,225.5,7.4,20.7,-4.015,-15.023,0.72,0.68,0.0158,16,9,36,6.42,N/A
N/A,EC_041_INC-D5,10.58052/IEWDR01R1,Sediment,227.3,7.12,20.5,-0.66,-2.466,0.948,0.947,0.0004,84,43,2,9.05,N/A
N/A,EC_041_INC-W1,10.58052/IEWDR01R1,Sediment,258.6,7.44,20,-142.2,-529.455,-9999,-9999,-9999,-9999,-9999,-9999,3.88,RATE_005
N/A,EC_041_INC-W2,10.58052/IEWDR01R1,Sediment,249.9,7.23,20.7,-157.8,-587.112,-9999,-9999,-9999,-9999,-9999,-9999,3.36,RATE_005
N/A,EC_041_INC-W3,10.58052/IEWDR01R1,Sediment,254.2,7.23,19.9,-133.2,-497.222,-9999,-9999,-9999,-9999,-9999,-9999,4.18,RATE_005
N/A,EC_041_INC-W4,10.58052/IEWDR01R1,Sediment,214.6,7.38,20.3,-96.3,-358.885,-9999,-9999,-9999,-9999,-9999,-9999,5.41,INC_005; RATE_005
N/A,EC_041_INC-W5,10.58052/IEWDR01R1,Sediment,236,7.23,20.4,-105.3,-391.78,-9999,-9999,-9999,-9999,-9999,-9999,5.11,INC_002; RATE_005
N/A,EC_042_INC-D1,10.58052/IEWDR01R2,Sediment,126,7.47,20.3,-0.183,-0.64,0.196,0.177,0.001,86,44,1,8.79,N/A
N/A,EC_042_INC-D2,10.58052/IEWDR01R2,Sediment,110.6,7.42,20.2,-0.392,-1.378,0.802,0.798,0.0005,84,43,2,8.56,N/A
N/A,EC_042_INC-D3,10.58052/IEWDR01R2,Sediment,117.6,7.4,19.8,-0.481,-1.697,0.887,0.885,0.0004,84,43,2,10.07,N/A
N/A,EC_042_INC-D4,10.58052/IEWDR01R2,Sediment,120.4,7.39,20.7,-5.316,-18.729,0.934,0.928,0.0074,22,12,33,10.05,N/A
N/A,EC_042_INC-D5,10.58052/IEWDR01R2,Sediment,112.2,7.36,20.2,-0.37,-1.303,0.794,0.79,0.0005,86,44,1,8.39,INC_004
N/A,EC_042_INC-W1,10.58052/IEWDR01R2,Sediment,113.5,7.24,20.2,-9.12,-32.008,0.977,0.969,0.0135,8,5,40,6.91,N/A
N/A,EC_042_INC-W2,10.58052/IEWDR01R2,Sediment,113.7,7.46,20.5,-3.188,-11.154,0.943,0.936,0.0044,20,11,34,7.24,N/A
N/A,EC_042_INC-W3,10.58052/IEWDR01R2,Sediment,114.2,7.41,20.3,-3.295,-11.635,0.821,0.795,0.0097,16,9,36,6.97,N/A
N/A,EC_042_INC-W4,10.58052/IEWDR01R2,Sediment,115.9,7.11,20.5,-2.776,-9.719,0.903,0.892,0.0051,20,11,34,6.75,N/A
N/A,EC_042_INC-W5,10.58052/IEWDR01R2,Sediment,114.3,7.06,20.3,-2.329,-8.168,0.886,0.874,0.0046,20,11,34,7.27,N/A
N/A,EC_044_INC-D1,10.58052/IEWDR01V0,Sediment,129.4,5.7,20.7,0,0,0.328,0.314,0.0009,102,52,2,9.41,N/A
N/A,EC_044_INC-D2,10.58052/IEWDR01V0,Sediment,125.4,5.42,20.7,0,0,0.242,0.226,0.0008,102,52,2,10.33,N/A
N/A,EC_044_INC-D3,10.58052/IEWDR01V0,Sediment,129.6,5.29,20.9,0,0,0.173,0.157,0.0009,104,53,1,11.39,N/A
N/A,EC_044_INC-D4,10.58052/IEWDR01V0,Sediment,42.01,5.44,20.9,0,0,0.099,0.082,0.0006,104,53,1,9.02,INC_003
N/A,EC_044_INC-D5,10.58052/IEWDR01V0,Sediment,39.58,5.63,20.7,-0.042,-0.128,0.07,0.052,0.0004,102,52,2,9.71,INC_003
N/A,EC_044_INC-W1,10.58052/IEWDR01V0,Sediment,131.7,7.18,19.8,-2.505,-7.627,0.832,0.811,0.0066,18,10,44,7.34,N/A
N/A,EC_044_INC-W2,10.58052/IEWDR01V0,Sediment,121.7,6.21,20.7,-1.016,-3.113,0.96,0.959,0.0006,72,37,17,6.66,N/A
N/A,EC_044_INC-W3,10.58052/IEWDR01V0,Sediment,120.6,5.92,20.1,-5.79,-17.74,0.856,0.785,0.0279,6,4,50,7.06,N/A
N/A,EC_044_INC-W4,10.58052/IEWDR01V0,Sediment,122.4,5.88,20.7,-9.3,-28.414,0.923,0.885,0.0316,6,4,50,7.72,N/A
N/A,EC_044_INC-W5,10.58052/IEWDR01V0,Sediment,123.3,5.98,20.9,-3.868,-11.849,0.896,0.875,0.0098,12,7,47,7.33,N/A
N/A,EC_051_INC-D1,10.58052/IEWDR01VC,Sediment,37.3,7.45,21.2,-2.554,-8.814,0.97,0.969,0.0016,44,23,31,-9999,RATE_007
N/A,EC_051_INC-D2,10.58052/IEWDR01VC,Sediment,43.55,7.61,21.2,-13.05,-45.117,0.971,0.956,0.0266,6,4,50,12.93,N/A
N/A,EC_051_INC-D3,10.58052/IEWDR01VC,Sediment,43.6,7.23,21.2,-0.203,-0.703,0.649,0.643,0.0003,104,53,1,11.54,N/A
N/A,EC_051_INC-D4,10.58052/IEWDR01VC,Sediment,41.98,7.23,21.2,-0.242,-0.836,0.68,0.674,0.0004,102,52,2,10.41,N/A
N/A,EC_051_INC-D5,10.58052/IEWDR01VC,Sediment,40.67,7.2,21.1,-0.14,-0.485,0.248,0.233,0.0006,104,53,1,10.6,N/A
N/A,EC_051_INC-W1,10.58052/IEWDR01VC,Sediment,53.91,7.6,20.7,-1.437,-4.968,0.67,0.633,0.0056,20,11,43,8.58,N/A
N/A,EC_051_INC-W2,10.58052/IEWDR01VC,Sediment,45.19,7.59,20.9,-0.71,-2.451,0.92,0.919,0.0005,102,52,2,9.62,N/A
N/A,EC_051_INC-W3,10.58052/IEWDR01VC,Sediment,44.63,7.75,20.8,-0.672,-2.332,0.947,0.946,0.0004,102,52,2,9.56,N/A
N/A,EC_051_INC-W4,10.58052/IEWDR01VC,Sediment,40.23,7.47,20.9,-1.584,-5.472,0.893,0.887,0.0023,34,18,36,8.51,N/A
N/A,EC_051_INC-W5,10.58052/IEWDR01VC,Sediment,39.76,7.19,21.1,-9.03,-31.192,0.749,0.623,0.0616,6,4,50,10.67,N/A
N/A,EC_052_INC-D1,10.58052/IEWDR01VF,Sediment,61.2,6.34,21,-3.736,-15.769,0.976,0.975,0.0026,30,16,39,7.71,N/A
N/A,EC_052_INC-D2,10.58052/IEWDR01VF,Sediment,41.62,6.59,20.6,-0.744,-3.135,0.954,0.953,0.0004,104,53,2,9.3,N/A
N/A,EC_052_INC-D3,10.58052/IEWDR01VF,Sediment,47.12,6.5,20.8,-3.911,-16.535,0.89,0.878,0.0076,20,11,44,8.23,N/A
N/A,EC_052_INC-D4,10.58052/IEWDR01VF,Sediment,41.82,6.65,20.9,-6.72,-28.439,0.869,0.826,0.0251,8,5,50,10.74,N/A
N/A,EC_052_INC-D5,10.58052/IEWDR01VF,Sediment,45.57,6.3,20.1,-3.232,-13.716,0.955,0.952,0.0031,30,16,39,9.6,N/A
N/A,EC_052_INC-W1,10.58052/IEWDR01VF,Sediment,63.11,7.24,20.1,-4.523,-19.141,0.962,0.959,0.0045,24,13,42,7.94,N/A
N/A,EC_052_INC-W2,10.58052/IEWDR01VF,Sediment,54.42,6.61,20.8,-9.54,-40.413,0.961,0.948,0.0184,8,5,50,6.87,N/A
N/A,EC_052_INC-W3,10.58052/IEWDR01VF,Sediment,53.87,6.61,21.2,-6.72,-28.364,0.621,0.494,0.0506,8,5,50,7.13,N/A
N/A,EC_052_INC-W4,10.58052/IEWDR01VF,Sediment,53.65,6.6,21.2,-4.729,-20.049,0.918,0.909,0.0075,22,12,43,7.94,N/A
N/A,EC_052_INC-W5,10.58052/IEWDR01VF,Sediment,54.7,6.63,20.2,-5.041,-21.26,0.932,0.926,0.0068,24,13,42,8.54,N/A
N/A,EC_053_INC-D1,10.58052/IEWDR01ZK,Sediment,34.22,5.73,20.4,-0.472,-1.744,0.891,0.889,0.0004,104,53,2,8.52,N/A
N/A,EC_053_INC-D2,10.58052/IEWDR01ZK,Sediment,35.58,5.43,20.6,-0.47,-1.75,0.863,0.86,0.0004,104,53,2,9.06,N/A
N/A,EC_053_INC-D3,10.58052/IEWDR01ZK,Sediment,34.53,5.57,20.4,-0.345,-1.244,0.833,0.83,0.0004,106,54,1,8.44,N/A
N/A,EC_053_INC-D4,10.58052/IEWDR01ZK,Sediment,34.37,5.64,20.4,-0.528,-1.973,0.803,0.799,0.0006,106,54,1,9.64,N/A
N/A,EC_053_INC-D5,10.58052/IEWDR01ZK,Sediment,34.46,5.73,20.4,-0.354,-1.336,0.87,0.868,0.0003,104,53,2,9.23,N/A
N/A,EC_053_INC-W1,10.58052/IEWDR01ZK,Sediment,41.3,6.35,20.5,-0.727,-2.692,0.923,0.922,0.0005,104,53,2,8.1,N/A
N/A,EC_053_INC-W2,10.58052/IEWDR01ZK,Sediment,38.88,6.59,20.4,-2.565,-9.565,0.85,0.828,0.0068,16,9,46,7.68,N/A
N/A,EC_053_INC-W3,10.58052/IEWDR01ZK,Sediment,37.74,6.07,20.6,-0.724,-2.702,0.924,0.922,0.0005,106,54,1,7.11,N/A
N/A,EC_053_INC-W4,10.58052/IEWDR01ZK,Sediment,35.75,5.75,20.8,-0.676,-2.501,0.909,0.908,0.0005,106,54,1,7.47,N/A
N/A,EC_053_INC-W5,10.58052/IEWDR01ZK,Sediment,37.27,5.62,20.7,-1.233,-4.482,0.948,0.945,0.0011,44,23,32,8.41,N/A
N/A,EC_056_INC-D1,10.58052/IEWDR01VI,Sediment,20.85,7.12,20.9,0,0,0.433,0.421,0.0006,102,52,2,9.26,N/A
N/A,EC_056_INC-D2,10.58052/IEWDR01VI,Sediment,15.05,6.03,20.4,0,0,0.176,0.16,0.0016,102,52,2,9.11,N/A
N/A,EC_056_INC-D3,10.58052/IEWDR01VI,Sediment,16.68,5.94,20.2,0,0,0.447,0.436,0.0009,102,52,2,9.44,N/A
N/A,EC_056_INC-D4,10.58052/IEWDR01VI,Sediment,21.28,5.27,20.6,0,0,0.579,0.571,0.0006,104,53,1,11.6,N/A
N/A,EC_056_INC-D5,10.58052/IEWDR01VI,Sediment,18.72,5.42,20.7,0,0,0.694,0.688,0.0006,102,52,2,10.04,N/A
N/A,EC_056_INC-W1,10.58052/IEWDR01VI,Sediment,20.42,5.33,21,0,0,0.693,0.687,0.0005,102,52,2,8.2,N/A
N/A,EC_056_INC-W2,10.58052/IEWDR01VI,Sediment,14.49,5.48,21,0,0,0.406,0.394,0.0006,104,53,1,8.82,N/A
N/A,EC_056_INC-W3,10.58052/IEWDR01VI,Sediment,16.04,5.5,21,0,0,0.555,0.546,0.0007,102,52,2,8.92,N/A
N/A,EC_056_INC-W4,10.58052/IEWDR01VI,Sediment,15.61,5.34,20.7,0,0,0.673,0.667,0.0007,102,52,2,9.18,N/A
N/A,EC_056_INC-W5,10.58052/IEWDR01VI,Sediment,15.64,5.37,21,0,0,0.087,0.069,0.0003,104,53,1,9.11,N/A
N/A,EC_057_INC-D1,10.58052/IEWDR01VL,Sediment,15.33,7.57,20.9,-0.125,-0.364,0.446,0.435,0.0003,102,52,2,9.04,N/A
N/A,EC_057_INC-D2,10.58052/IEWDR01VL,Sediment,18.72,8.92,20.6,0,0,0.037,0.018,0.0004,104,53,1,10.99,N/A
N/A,EC_057_INC-D3,10.58052/IEWDR01VL,Sediment,15.39,8.8,21,-0.188,-0.552,0.612,0.604,0.0003,104,53,1,9.27,N/A
N/A,EC_057_INC-D4,10.58052/IEWDR01VL,Sediment,15.02,7.34,20.1,0,0,0.723,0.717,0.0003,102,52,2,10.04,N/A
N/A,EC_057_INC-D5,10.58052/IEWDR01VL,Sediment,15.2,8.23,21,0,0,0.001,0.019,0.0005,102,52,2,10.34,N/A
N/A,EC_057_INC-W1,10.58052/IEWDR01VL,Sediment,14.8,8.24,21.1,-0.209,-0.609,0.704,0.698,0.0003,104,53,1,7.6,N/A
N/A,EC_057_INC-W2,10.58052/IEWDR01VL,Sediment,14.97,7.94,21,-0.051,-0.149,0.159,0.143,0.0003,102,52,2,8.85,N/A
N/A,EC_057_INC-W3,10.58052/IEWDR01VL,Sediment,15.11,6.73,21.1,-0.317,-0.927,0.774,0.77,0.0004,104,53,1,9.67,N/A
N/A,EC_057_INC-W4,10.58052/IEWDR01VL,Sediment,15.03,6.73,21,-0.154,-0.449,0.658,0.651,0.0003,102,52,2,8.89,N/A
N/A,EC_057_INC-W5,10.58052/IEWDR01VL,Sediment,14.86,7.12,20.9,-0.065,-0.19,0.246,0.231,0.0003,102,52,2,8.14,N/A
N/A,EC_063_INC-D1,10.58052/IEWDR01R4,Sediment,119.5,7.73,20.7,-0.376,-1.131,0.902,0.9,0.0003,100,51,2,9.87,N/A
N/A,EC_063_INC-D2,10.58052/IEWDR01R4,Sediment,120.6,7,20.7,-0.289,-0.875,0.722,0.716,0.0004,100,51,2,9.52,N/A
N/A,EC_063_INC-D3,10.58052/IEWDR01R4,Sediment,125.8,6.78,20.7,0,0,0.177,0.16,0.0008,102,52,1,9.53,N/A
N/A,EC_063_INC-D4,10.58052/IEWDR01R4,Sediment,120.6,6.55,20.6,-0.404,-1.225,0.9,0.898,0.0003,102,52,1,9.62,N/A
N/A,EC_063_INC-D5,10.58052/IEWDR01R4,Sediment,116.2,6.69,20.6,-0.463,-1.396,0.766,0.762,0.0006,100,51,2,10.97,N/A
N/A,EC_063_INC-W1,10.58052/IEWDR01R4,Sediment,107.6,6.64,20.7,-3.707,-11.258,0.836,0.803,0.0122,12,7,46,6.79,N/A
N/A,EC_063_INC-W2,10.58052/IEWDR01R4,Sediment,113.7,6.4,20.7,-9.51,-28.679,0.961,0.947,0.0185,8,5,48,6.72,N/A
N/A,EC_063_INC-W3,10.58052/IEWDR01R4,Sediment,111.6,6.44,20.9,-5.043,-15.232,0.968,0.963,0.0062,14,8,45,5.77,N/A
N/A,EC_063_INC-W4,10.58052/IEWDR01R4,Sediment,111.6,6.51,20.8,-3.68,-11.173,0.913,0.9,0.0072,16,9,44,6.53,N/A
N/A,EC_063_INC-W5,10.58052/IEWDR01R4,Sediment,112.8,6.28,20.4,-5.025,-15.156,0.942,0.935,0.0073,18,10,43,7.16,N/A
N/A,EC_064_INC-D1,10.58052/IEWDR01VR,Sediment,291.4,7.5,20.9,-0.678,-4.029,0.227,0.131,0.0074,18,10,44,10.66,N/A
N/A,EC_064_INC-D2,10.58052/IEWDR01VR,Sediment,286.2,7.37,21,-0.645,-3.833,0.892,0.89,0.0005,104,53,1,10.46,N/A
N/A,EC_064_INC-D3,10.58052/IEWDR01VR,Sediment,295.2,7.26,21.2,-0.596,-3.542,0.893,0.891,0.0005,104,53,1,9.48,N/A
N/A,EC_064_INC-D4,10.58052/IEWDR01VR,Sediment,290.2,7.34,20.9,-0.814,-4.837,0.968,0.967,0.0003,102,52,2,10.15,N/A
N/A,EC_064_INC-D5,10.58052/IEWDR01VR,Sediment,290.4,7.16,20.9,-0.958,-5.699,0.954,0.953,0.0005,102,52,2,9.94,N/A
N/A,EC_064_INC-W1,10.58052/IEWDR01VR,Sediment,314.9,7.2,20.9,-149.7,-888.397,-9999,-9999,-9999,-9999,-9999,-9999,3.7,INC_004; RATE_005
N/A,EC_064_INC-W2,10.58052/IEWDR01VR,Sediment,300.9,7.13,21,-32.1,-190.745,0.893,0.787,0.1848,4,3,51,6.61,N/A
N/A,EC_064_INC-W3,10.58052/IEWDR01VR,Sediment,312.3,7.3,21,-107.4,-638.905,-9999,-9999,-9999,-9999,-9999,-9999,5.11,RATE_005
N/A,EC_064_INC-W4,10.58052/IEWDR01VR,Sediment,306.2,7.26,20.9,-129,-766.547,-9999,-9999,-9999,-9999,-9999,-9999,4.39,RATE_005
N/A,EC_064_INC-W5,10.58052/IEWDR01VR,Sediment,306.6,7.33,20.9,-119.4,-709.501,-9999,-9999,-9999,-9999,-9999,-9999,4.71,RATE_005
N/A,EC_065_INC-D1,10.58052/IEWDR01ZQ,Sediment,30.11,5.71,19.5,-2.848,-9.791,0.907,0.898,0.0048,22,12,42,9.2,N/A
N/A,EC_065_INC-D2,10.58052/IEWDR01ZQ,Sediment,31.24,5.93,19.4,-4.796,-16.308,0.92,0.912,0.0074,22,12,42,6.85,N/A
N/A,EC_065_INC-D3,10.58052/IEWDR01ZQ,Sediment,31.76,5.76,19.5,-4.884,-16.475,0.911,0.9,0.009,18,10,44,6.16,N/A
N/A,EC_065_INC-D4,10.58052/IEWDR01ZQ,Sediment,34.78,5.65,19.6,-3.082,-10.49,0.907,0.899,0.0047,26,14,40,6.33,N/A
N/A,EC_065_INC-D5,10.58052/IEWDR01ZQ,Sediment,31.89,5.85,19.9,-2.342,-8.036,0.963,0.961,0.002,30,16,38,6.75,N/A
N/A,EC_065_INC-W1,10.58052/IEWDR01ZQ,Sediment,33.03,5.65,19.3,-6.962,-23.995,0.964,0.96,0.0079,18,10,44,6.1,N/A
N/A,EC_065_INC-W2,10.58052/IEWDR01ZQ,Sediment,31.98,5.67,19.5,-4.41,-14.965,0.925,0.916,0.007,20,11,43,5.75,N/A
N/A,EC_065_INC-W3,10.58052/IEWDR01ZQ,Sediment,32.25,5.57,19.5,-7.411,-25.701,0.88,0.865,0.0162,18,10,44,6.46,N/A
N/A,EC_065_INC-W4,10.58052/IEWDR01ZQ,Sediment,32.67,5.81,19.6,-5.76,-19.947,0.873,0.855,0.0138,16,9,45,6.09,N/A
N/A,EC_065_INC-W5,10.58052/IEWDR01ZQ,Sediment,36.77,7.14,19.3,-6.975,-23.98,0.941,0.932,0.011,16,9,45,6.48,N/A
N/A,EC_066_INC-D1,10.58052/IEWDR01VU,Sediment,37.11,6.11,20.1,-0.176,-0.566,0.567,0.558,0.0004,104,53,2,10.31,N/A
N/A,EC_066_INC-D2,10.58052/IEWDR01VU,Sediment,38.61,5.98,20.4,0,0,0.069,0.051,0.0004,104,53,2,9.38,N/A
N/A,EC_066_INC-D3,10.58052/IEWDR01VU,Sediment,46.63,6.22,20.3,-0.14,-0.446,0.364,0.351,0.0004,104,53,2,9.46,N/A
N/A,EC_066_INC-D4,10.58052/IEWDR01VU,Sediment,43.97,6.17,19.6,-0.161,-0.514,0.396,0.384,0.0005,104,53,2,9.95,N/A
N/A,EC_066_INC-D5,10.58052/IEWDR01VU,Sediment,37.32,7.84,20.3,-0.091,-0.291,0.19,0.174,0.0004,104,53,2,10.31,N/A
N/A,EC_066_INC-W1,10.58052/IEWDR01VU,Sediment,37.21,7.6,20.2,-0.369,-1.18,0.84,0.836,0.0004,106,54,1,9.97,N/A
N/A,EC_066_INC-W2,10.58052/IEWDR01VU,Sediment,36.85,6.9,19.5,-0.362,-1.164,0.846,0.843,0.0004,104,53,2,8.81,N/A
N/A,EC_066_INC-W3,10.58052/IEWDR01VU,Sediment,37.44,6.04,18.9,-0.452,-1.449,0.848,0.845,0.0004,104,53,2,10.02,N/A
N/A,EC_066_INC-W4,10.58052/IEWDR01VU,Sediment,35.2,6.14,20.3,-0.352,-1.126,0.754,0.75,0.0005,106,54,1,8.97,N/A
N/A,EC_066_INC-W5,10.58052/IEWDR01VU,Sediment,35.18,5.94,20.5,-0.401,-1.281,0.794,0.79,0.0005,104,53,2,10.15,N/A
N/A,EC_068_INC-D1,10.58052/IEWDR01VX,Sediment,273.8,6.8,21.9,-125.7,-885.13,-9999,-9999,-9999,-9999,-9999,-9999,4.5,RATE_005
N/A,EC_068_INC-D2,10.58052/IEWDR01VX,Sediment,284.6,6.74,21.9,-249,-1751.011,-9999,-9999,-9999,-9999,-9999,-9999,0.39,RATE_005
N/A,EC_068_INC-D3,10.58052/IEWDR01VX,Sediment,202.5,6.72,21.6,-259.26,-1812.746,-9999,-9999,-9999,-9999,-9999,-9999,DO_Below_0.096_ppm_LOD|Negative_Value_Raw_Not_Corrected|-9999_ppm_Final_Corrected,DTL_003; RATE_005
N/A,EC_068_INC-D4,10.58052/IEWDR01VX,Sediment,282.4,6.69,21.8,-251.1,-1750.688,-9999,-9999,-9999,-9999,-9999,-9999,0.32,RATE_005
N/A,EC_068_INC-D5,10.58052/IEWDR01VX,Sediment,259.7,6.74,21.7,-227.7,-1587.541,-9999,-9999,-9999,-9999,-9999,-9999,1.1,RATE_005
N/A,EC_068_INC-W1,10.58052/IEWDR01VX,Sediment,307.2,6.91,21.7,-259.26,-1815.512,-9999,-9999,-9999,-9999,-9999,-9999,DO_Below_0.096_ppm_LOD|0.04_ppm_Raw_Not_Corrected|0.04_ppm_Final_Corrected,DTL_003; RATE_005
N/A,EC_068_INC-W2,10.58052/IEWDR01VX,Sediment,322.1,6.78,21.9,-259.26,-1812.746,-9999,-9999,-9999,-9999,-9999,-9999,DO_Below_0.096_ppm_LOD|Negative_Value_Raw_Not_Corrected|-9999_ppm_Final_Corrected,DTL_003; RATE_005
N/A,EC_068_INC-W3,10.58052/IEWDR01VX,Sediment,312.1,6.84,21.9,-259.26,-1818.286,-9999,-9999,-9999,-9999,-9999,-9999,DO_Below_0.096_ppm_LOD|0.02_ppm_Raw_Not_Corrected|0.02_ppm_Final_Corrected,DTL_003; RATE_005
N/A,EC_068_INC-W4,10.58052/IEWDR01VX,Sediment,307.9,6.81,21.8,-249.3,-1748.433,-9999,-9999,-9999,-9999,-9999,-9999,0.38,RATE_005
N/A,EC_068_INC-W5,10.58052/IEWDR01VX,Sediment,294.5,6.78,21.8,-259.26,-1818.286,-9999,-9999,-9999,-9999,-9999,-9999,DO_Below_0.096_ppm_LOD|Negative_Value_Raw_Not_Corrected|-9999_ppm_Final_Corrected,DTL_003; RATE_005
N/A,EC_069_INC-D1,10.58052/IEWDR01W0,Sediment,1650,6.97,20.9,-1.581,-5.042,0.988,0.987,0.0004,102,52,2,9.55,N/A
N/A,EC_069_INC-D2,10.58052/IEWDR01W0,Sediment,1667,6.84,20.9,-3.05,-9.738,0.927,0.921,0.0041,26,14,40,10.17,VI_ALL_007
N/A,EC_069_INC-D3,10.58052/IEWDR01W0,Sediment,1622,6.98,21,-4.157,-13.245,0.861,0.837,0.0114,14,8,46,10.24,N/A
N/A,EC_069_INC-D4,10.58052/IEWDR01W0,Sediment,1624,6.62,21.1,-7.74,-24.641,0.829,0.743,0.0415,6,4,50,11.02,N/A
N/A,EC_069_INC-D5,10.58052/IEWDR01W0,Sediment,1610,6.83,21.3,-0.58,-1.84,0.888,0.885,0.0005,102,52,2,10.59,N/A
N/A,EC_069_INC-W1,10.58052/IEWDR01W0,Sediment,1277,6.61,21.3,-151.2,-478.658,-9999,-9999,-9999,-9999,-9999,-9999,3.74,RATE_005
N/A,EC_069_INC-W2,10.58052/IEWDR01W0,Sediment,1256,6.57,21.2,-215.7,-682.847,-9999,-9999,-9999,-9999,-9999,-9999,1.59,RATE_005
N/A,EC_069_INC-W3,10.58052/IEWDR01W0,Sediment,1241,6.48,21.3,-242.1,-769.14,-9999,-9999,-9999,-9999,-9999,-9999,0.71,RATE_005
N/A,EC_069_INC-W4,10.58052/IEWDR01W0,Sediment,1243,6.41,21.3,-218.7,-698.291,-9999,-9999,-9999,-9999,-9999,-9999,1.49,RATE_005
N/A,EC_069_INC-W5,10.58052/IEWDR01W0,Sediment,1278,6.57,21.2,-182.1,-580.695,-9999,-9999,-9999,-9999,-9999,52,7.83,N/A
N/A,EC_070_INC-D1,10.58052/IEWDR01W3,Sediment,147.3,6.89,21,-1.16,-4.038,0.909,0.907,0.001,84,43,2,11.26,N/A
N/A,EC_070_INC-D2,10.58052/IEWDR01W3,Sediment,146.8,7.01,20.7,-2.261,-7.858,0.78,0.735,0.009,12,7,38,11.17,N/A
N/A,EC_070_INC-D3,10.58052/IEWDR01W3,Sediment,137.3,7.25,20.1,0,0,0.001,0.022,0.0009,86,44,1,13.06,N/A
N/A,EC_070_INC-D4,10.58052/IEWDR01W3,Sediment,149.3,7.05,21.1,-0.095,-0.33,0.08,0.058,0.0008,84,43,2,11.2,N/A
N/A,EC_070_INC-D5,10.58052/IEWDR01W3,Sediment,151.9,6.97,21.1,-0.647,-2.242,0.965,0.964,0.0003,86,44,1,10.86,N/A
N/A,EC_070_INC-W1,10.58052/IEWDR01W3,Sediment,176.7,6.96,20.7,-3.658,-12.782,0.95,0.947,0.0037,30,16,29,7.61,N/A
N/A,EC_070_INC-W2,10.58052/IEWDR01W3,Sediment,170.2,6.53,21.2,-3.216,-11.23,0.983,0.982,0.0017,34,18,27,7.25,N/A
N/A,EC_070_INC-W3,10.58052/IEWDR01W3,Sediment,158.3,6.62,20.8,-2.743,-9.548,0.976,0.974,0.0019,32,17,28,6.78,N/A
N/A,EC_070_INC-W4,10.58052/IEWDR01W3,Sediment,162.2,6.71,21.2,-0.307,-1.07,0.777,0.772,0.0004,84,43,2,7.33,N/A
N/A,EC_070_INC-W5,10.58052/IEWDR01W3,Sediment,167.2,6.74,21.2,0,0,0.033,0.01,0.0011,86,44,1,10.16,N/A
N/A,EC_071_INC-D1,10.58052/IEWDR01W6,Sediment,576.4,6.71,20,-6.137,-31.07,0.996,0.996,0.0014,44,23,32,7.2,VI_ALL_006
N/A,EC_071_INC-D2,10.58052/IEWDR01W6,Sediment,444.3,6.41,20.3,-282.84,-1428.945,-9999,-9999,-9999,-9999,-9999,-9999,DO_Below_0.104_ppm_LOD|0.08_ppm_Raw_Not_Corrected|0.08_ppm_Final_Corrected,VI_ALL_006; DTL_003; RATE_005
N/A,EC_071_INC-D3,10.58052/IEWDR01W6,Sediment,604.3,6.69,19.4,-2.993,-15.104,0.984,0.984,0.0009,106,54,1,10.41,VI_ALL_006
N/A,EC_071_INC-D4,10.58052/IEWDR01W6,Sediment,426.1,6.54,20,-282.84,-1433.289,-9999,-9999,-9999,-9999,-9999,-9999,DO_Below_0.104_ppm_LOD|Negative_Value_Raw_Not_Corrected|-9999_ppm_Final_Corrected,VI_ALL_006; DTL_003; RATE_005
N/A,EC_071_INC-D5,10.58052/IEWDR01W6,Sediment,564.6,6.67,20.1,-6.6,-33.477,0.957,0.952,0.0078,20,11,44,9.42,VI_ALL_006
N/A,EC_071_INC-W1,10.58052/IEWDR01W6,Sediment,485.6,7.56,19.2,-282.84,-1428.945,-9999,-9999,-9999,-9999,-9999,-9999,DO_Below_0.104_ppm_LOD|Negative_Value_Raw_Not_Corrected|-9999_ppm_Final_Corrected,VI_ALL_006; DTL_003; RATE_005
N/A,EC_071_INC-W2,10.58052/IEWDR01W6,Sediment,466.9,6.73,19.7,-282.84,-1430.301,-9999,-9999,-9999,-9999,-9999,-9999,DO_Below_0.104_ppm_LOD|0.02_ppm_Raw_Not_Corrected|0.02_ppm_Final_Corrected,VI_ALL_006; DTL_003; RATE_005
N/A,EC_071_INC-W3,10.58052/IEWDR01W6,Sediment,476,6.4,20.1,-282.84,-1428.945,-9999,-9999,-9999,-9999,-9999,-9999,DO_Below_0.104_ppm_LOD|Negative_Value_Raw_Not_Corrected|-9999_ppm_Final_Corrected,VI_ALL_006; DTL_003; RATE_005
N/A,EC_071_INC-W4,10.58052/IEWDR01W6,Sediment,457.6,6.47,19.2,-282.84,-1431.928,-9999,-9999,-9999,-9999,-9999,-9999,DO_Below_0.104_ppm_LOD|0.07_ppm_Raw_Not_Corrected|0.07_ppm_Final_Corrected,VI_ALL_006; DTL_003; RATE_005
N/A,EC_071_INC-W5,10.58052/IEWDR01W6,Sediment,464.7,6.59,19.7,-282.84,-1428.945,-9999,-9999,-9999,-9999,-9999,-9999,DO_Below_0.104_ppm_LOD|Negative_Value_Raw_Not_Corrected|-9999_ppm_Final_Corrected,VI_ALL_006; DTL_003; RATE_005
N/A,EC_072_INC-D1,10.58052/IEWDR01W9,Sediment,935.2,7.01,20.9,-264.045,-1330.004,-9999,-9999,-9999,-9999,-9999,-9999,DO_Below_0.097_ppm_LOD|Negative_Value_Raw_Not_Corrected|-9999_ppm_Final_Corrected,DTL_003; RATE_005
N/A,EC_072_INC-D2,10.58052/IEWDR01W9,Sediment,932.2,6.96,20.8,-237.6,-1199.439,-9999,-9999,-9999,-9999,-9999,-9999,0.93,RATE_005
N/A,EC_072_INC-D3,10.58052/IEWDR01W9,Sediment,947.2,7.01,21.1,-264.045,-1331.337,-9999,-9999,-9999,-9999,-9999,-9999,DO_Below_0.097_ppm_LOD|Negative_Value_Raw_Not_Corrected|-9999_ppm_Final_Corrected,DTL_003; RATE_005
N/A,EC_072_INC-D4,10.58052/IEWDR01W9,Sediment,915.7,6.98,21.1,-198,-990.788,-9999,-9999,-9999,-9999,-9999,-9999,2.25,RATE_005
N/A,EC_072_INC-D5,10.58052/IEWDR01W9,Sediment,-9999,-9999,-9999,-9999,-9999,-9999,-9999,-9999,-9999,-9999,-9999,-9999,INC_Method_001
N/A,EC_072_INC-W1,10.58052/IEWDR01W9,Sediment,972.3,6.88,20.1,-264.045,-1335.617,-9999,-9999,-9999,-9999,-9999,-9999,DO_Below_0.097_ppm_LOD|0.07_ppm_Raw_Not_Corrected|0.07_ppm_Final_Corrected,DTL_003; RATE_005
N/A,EC_072_INC-W2,10.58052/IEWDR01W9,Sediment,956.4,6.86,20.9,-245.7,-1244.32,-9999,-9999,-9999,-9999,-9999,-9999,0.66,RATE_005
N/A,EC_072_INC-W3,10.58052/IEWDR01W9,Sediment,967.5,6.84,21.2,-264.045,-1332.937,-9999,-9999,-9999,-9999,-9999,-9999,DO_Below_0.097_ppm_LOD|Negative_Value_Raw_Not_Corrected|-9999_ppm_Final_Corrected,DTL_003; RATE_005
N/A,EC_072_INC-W4,10.58052/IEWDR01W9,Sediment,942.7,6.86,20.9,-264.045,-1334.276,-9999,-9999,-9999,-9999,-9999,-9999,DO_Below_0.097_ppm_LOD|Negative_Value_Raw_Not_Corrected|-9999_ppm_Final_Corrected,DTL_003; RATE_005
N/A,EC_072_INC-W5,10.58052/IEWDR01W9,Sediment,-9999,-9999,-9999,-9999,-9999,-9999,-9999,-9999,-9999,-9999,-9999,-9999,INC_Method_001
N/A,EC_073_INC-D1,10.58052/IEWDR01WC,Sediment,102.5,8.04,21.2,-0.291,-1.416,0.62,0.613,0.0005,102,52,2,10.92,N/A
N/A,EC_073_INC-D2,10.58052/IEWDR01WC,Sediment,103.2,7.7,21.2,-0.338,-1.637,0.797,0.793,0.0004,104,53,1,9.15,N/A
N/A,EC_073_INC-D3,10.58052/IEWDR01WC,Sediment,105.5,7.49,21.3,-0.243,-1.177,0.724,0.719,0.0003,104,53,1,8.3,N/A
N/A,EC_073_INC-D4,10.58052/IEWDR01WC,Sediment,104.6,7.46,21.3,-0.314,-1.52,0.755,0.75,0.0004,104,53,1,11.38,N/A
N/A,EC_073_INC-D5,10.58052/IEWDR01WC,Sediment,103,7.5,21.4,-0.174,-0.844,0.724,0.718,0.0003,102,52,2,8.17,N/A
N/A,EC_073_INC-W1,10.58052/IEWDR01WC,Sediment,110.4,8.05,21.3,-2.154,-10.451,0.51,0.412,0.0157,12,7,47,8.85,N/A
N/A,EC_073_INC-W2,10.58052/IEWDR01WC,Sediment,109.4,7.86,21.2,-2.459,-11.907,0.898,0.889,0.0042,24,13,41,7.08,N/A
N/A,EC_073_INC-W3,10.58052/IEWDR01WC,Sediment,108.8,7.7,21.3,-1.931,-9.397,0.915,0.905,0.0033,20,11,43,6.74,N/A
N/A,EC_073_INC-W4,10.58052/IEWDR01WC,Sediment,110.5,7.5,21.2,-3.686,-17.917,0.856,0.832,0.0103,14,8,46,7.94,N/A
N/A,EC_073_INC-W5,10.58052/IEWDR01WC,Sediment,110.6,7.4,21.4,-2.384,-11.567,0.931,0.923,0.0038,18,10,44,7.62,N/A
N/A,EC_074_INC-D1,10.58052/IEWDR01WF,Sediment,123.3,6.66,21,0,0,0.516,0.505,0.0011,86,44,1,10.47,N/A
N/A,EC_074_INC-D2,10.58052/IEWDR01WF,Sediment,119.7,6.78,20.9,-4.064,-12.224,0.977,0.975,0.003,26,14,31,9.64,N/A
N/A,EC_074_INC-D3,10.58052/IEWDR01WF,Sediment,115.9,6.78,21.2,-4.602,-13.861,0.954,0.951,0.0047,28,15,30,9.24,N/A
N/A,EC_074_INC-D4,10.58052/IEWDR01WF,Sediment,119,6.77,20.9,-0.515,-1.548,0.903,0.901,0.0004,84,43,2,10.55,INC_002
N/A,EC_074_INC-D5,10.58052/IEWDR01WF,Sediment,146.7,7.16,21.2,-0.348,-1.044,0.813,0.808,0.0004,84,43,2,8.97,N/A
N/A,EC_074_INC-W1,10.58052/IEWDR01WF,Sediment,104.1,7.09,20.3,-0.588,-1.761,0.898,0.895,0.0005,84,43,2,9.73,N/A
N/A,EC_074_INC-W2,10.58052/IEWDR01WF,Sediment,108.3,7.02,20.9,-0.61,-1.833,0.961,0.96,0.0003,84,43,2,10.05,N/A
N/A,EC_074_INC-W3,10.58052/IEWDR01WF,Sediment,102.6,6.94,20.7,-0.551,-1.655,0.972,0.971,0.0002,86,44,1,9.91,N/A
N/A,EC_074_INC-W4,10.58052/IEWDR01WF,Sediment,100.9,6.88,20.8,-0.637,-1.909,0.933,0.932,0.0004,84,43,2,9.67,N/A
N/A,EC_074_INC-W5,10.58052/IEWDR01WF,Sediment,106.3,6.84,20.9,-0.515,-1.546,0.933,0.931,0.0004,84,43,2,9.84,N/A
N/A,EC_075_INC-D1,10.58052/IEWDR01WI,Sediment,212.2,7.68,21.8,-1.285,-4.464,0.93,0.928,0.0011,58,30,25,9.07,N/A
N/A,EC_075_INC-D2,10.58052/IEWDR01WI,Sediment,205.2,7.2,21.9,-2.224,-7.728,0.957,0.951,0.0028,18,10,45,10.08,N/A
N/A,EC_075_INC-D3,10.58052/IEWDR01WI,Sediment,204.3,7.27,21.9,-15.24,-52.709,0.843,0.764,0.0776,6,4,51,11.54,N/A
N/A,EC_075_INC-D4,10.58052/IEWDR01WI,Sediment,203.5,7.26,21.9,-4.963,-17.245,0.687,0.609,0.0279,10,6,49,9.77,N/A
N/A,EC_075_INC-D5,10.58052/IEWDR01WI,Sediment,202.3,7.24,21.9,-1.301,-4.493,0.914,0.91,0.0014,50,26,29,10.33,N/A
N/A,EC_075_INC-W1,10.58052/IEWDR01WI,Sediment,205.3,7.05,21.8,-234.9,-813.14,-9999,-9999,-9999,-9999,-9999,-9999,0.86,RATE_005
N/A,EC_075_INC-W2,10.58052/IEWDR01WI,Sediment,213.2,6.84,21.8,-197.1,-684.282,-9999,-9999,-9999,-9999,-9999,-9999,2.12,RATE_005
N/A,EC_075_INC-W3,10.58052/IEWDR01WI,Sediment,228.7,6.89,21.8,-172.8,-599.103,-9999,-9999,-9999,-9999,-9999,-9999,2.93,RATE_005
N/A,EC_075_INC-W4,10.58052/IEWDR01WI,Sediment,211.6,6.93,21.6,-232.2,-807.948,-9999,-9999,-9999,-9999,-9999,-9999,0.95,RATE_005
N/A,EC_075_INC-W5,10.58052/IEWDR01WI,Sediment,221.4,6.84,21.6,-140.1,-483.801,-9999,-9999,-9999,-9999,-9999,-9999,4.02,RATE_005
N/A,EC_076_INC-D1,10.58052/IEWDR01WL,Sediment,737.6,7.19,20.1,-2.307,-7.485,0.428,0.332,0.0182,14,8,46,10.03,N/A
N/A,EC_076_INC-D2,10.58052/IEWDR01WL,Sediment,719.4,7.28,21.1,-0.577,-1.892,0.967,0.967,0.0002,102,52,2,9.23,N/A
N/A,EC_076_INC-D3,10.58052/IEWDR01WL,Sediment,735.7,7.57,20.9,-6.39,-20.989,0.816,0.725,0.0357,6,4,50,9.98,N/A
N/A,EC_076_INC-D4,10.58052/IEWDR01WL,Sediment,702.7,7.64,20.8,-9.36,-30.542,0.714,0.571,0.0698,6,4,50,10.8,N/A
N/A,EC_076_INC-D5,10.58052/IEWDR01WL,Sediment,711.6,7.72,21.1,-0.777,-2.545,0.954,0.953,0.0004,102,52,2,10.45,N/A
N/A,EC_076_INC-W1,10.58052/IEWDR01WL,Sediment,712.1,7.29,21.2,-141,-466.907,-9999,-9999,-9999,-9999,-9999,-9999,3.86,RATE_005
N/A,EC_076_INC-W2,10.58052/IEWDR01WL,Sediment,712.8,7.39,21.3,-144,-467.194,-9999,-9999,-9999,-9999,-9999,-9999,3.76,RATE_005
N/A,EC_076_INC-W3,10.58052/IEWDR01WL,Sediment,715.3,7.46,21.2,-135.6,-442.181,-9999,-9999,-9999,-9999,-9999,-9999,4.04,RATE_005
N/A,EC_076_INC-W4,10.58052/IEWDR01WL,Sediment,707.3,7.47,20.2,-110.7,-362.83,-9999,-9999,-9999,-9999,-9999,-9999,4.87,RATE_005
N/A,EC_076_INC-W5,10.58052/IEWDR01WL,Sediment,696.3,7.52,21.3,-106.5,-346.997,-9999,-9999,-9999,-9999,-9999,-9999,5.01,RATE_005
N/A,EC_078_INC-D1,10.58052/IEWDR01WR,Sediment,574.9,6.62,21.2,-125.1,-547.495,-9999,-9999,-9999,-9999,-9999,-9999,4.39,RATE_005
N/A,EC_078_INC-D2,10.58052/IEWDR01WR,Sediment,603.4,7,21.5,-112.2,-485.212,-9999,-9999,-9999,-9999,-9999,-9999,4.82,RATE_005
N/A,EC_078_INC-D3,10.58052/IEWDR01WR,Sediment,788.1,6.86,21.2,-0.827,-3.587,0.246,0.17,0.0076,22,12,42,9.84,N/A
N/A,EC_078_INC-D4,10.58052/IEWDR01WR,Sediment,787.7,6.85,20.9,-2.169,-9.322,0.906,0.897,0.0035,24,13,41,10.28,N/A
N/A,EC_078_INC-D5,10.58052/IEWDR01WR,Sediment,714.7,6.73,20.8,-2.341,-10.218,0.982,0.981,0.0008,102,52,2,8.88,N/A
N/A,EC_078_INC-W1,10.58052/IEWDR01WR,Sediment,482.5,6.76,21.1,-252.9,-1108.869,-9999,-9999,-9999,-9999,-9999,-9999,0.13,RATE_005
N/A,EC_078_INC-W2,10.58052/IEWDR01WR,Sediment,492.2,6.68,21,-252,-1093.809,-9999,-9999,-9999,-9999,-9999,-9999,0.16,RATE_005
N/A,EC_078_INC-W3,10.58052/IEWDR01WR,Sediment,500.05,6.66,21.2,-245.4,-1058.616,-9999,-9999,-9999,-9999,-9999,-9999,0.38,RATE_005
N/A,EC_078_INC-W4,10.58052/IEWDR01WR,Sediment,516.4,6.64,21.2,-201.9,-875.624,-9999,-9999,-9999,-9999,-9999,-9999,1.83,RATE_005
N/A,EC_078_INC-W5,10.58052/IEWDR01WR,Sediment,529.5,6.65,21.1,-215.7,-936.249,-9999,-9999,-9999,-9999,-9999,-9999,1.37,RATE_005
N/A,EC_080_INC-D1,10.58052/IEWDR01WX,Sediment,237.5,6.56,21,-242.7,-3083.419,-9999,-9999,-9999,-9999,-9999,-9999,1.09,RATE_005
N/A,EC_080_INC-D2,10.58052/IEWDR01WX,Sediment,236.1,6.27,20.8,-273.885,-3496.513,-9999,-9999,-9999,-9999,-9999,-9999,DO_Below_0.101_ppm_LOD|Negative_Value_Raw_Not_Corrected|-9999_ppm_Final_Corrected,DTL_003; RATE_005
N/A,EC_080_INC-D3,10.58052/IEWDR01WX,Sediment,248.7,6.68,21,-273.885,-3471.54,-9999,-9999,-9999,-9999,-9999,-9999,DO_Below_0.101_ppm_LOD|Negative_Value_Raw_Not_Corrected|-9999_ppm_Final_Corrected,DTL_003; RATE_005
N/A,EC_080_INC-D4,10.58052/IEWDR01WX,Sediment,245.7,6.46,20.8,-273.885,-3479.613,-9999,-9999,-9999,-9999,-9999,-9999,DO_Below_0.101_ppm_LOD|Negative_Value_Raw_Not_Corrected|-9999_ppm_Final_Corrected,DTL_003; RATE_005
N/A,EC_080_INC-D5,10.58052/IEWDR01WX,Sediment,226.7,6.47,21,-273.885,-3471.54,-9999,-9999,-9999,-9999,-9999,-9999,DO_Below_0.101_ppm_LOD|0.03_ppm_Raw_Not_Corrected|0.03_ppm_Final_Corrected,DTL_003; RATE_005
N/A,EC_080_INC-W1,10.58052/IEWDR01WX,Sediment,256.5,6.83,20.5,-273.885,-3496.513,-9999,-9999,-9999,-9999,-9999,-9999,DO_Below_0.101_ppm_LOD|Negative_Value_Raw_Not_Corrected|-9999_ppm_Final_Corrected,DTL_003; RATE_005
N/A,EC_080_INC-W2,10.58052/IEWDR01WX,Sediment,235.2,6.64,20.7,-261,-3324.252,-9999,-9999,-9999,-9999,-9999,-9999,0.48,RATE_005
N/A,EC_080_INC-W3,10.58052/IEWDR01WX,Sediment,241.7,6.63,20.7,-273.885,-3496.513,-9999,-9999,-9999,-9999,-9999,-9999,DO_Below_0.101_ppm_LOD|Negative_Value_Raw_Not_Corrected|-9999_ppm_Final_Corrected,DTL_003; RATE_005
N/A,EC_080_INC-W4,10.58052/IEWDR01WX,Sediment,265.6,6.45,21.4,-273.885,-3488.363,-9999,-9999,-9999,-9999,-9999,-9999,DO_Below_0.101_ppm_LOD|0.05_ppm_Raw_Not_Corrected|0.05_ppm_Final_Corrected,DTL_003; RATE_005
N/A,EC_080_INC-W5,10.58052/IEWDR01WX,Sediment,257.2,6.55,20.5,-273.885,-3488.363,-9999,-9999,-9999,-9999,-9999,-9999,DO_Below_0.101_ppm_LOD|Negative_Value_Raw_Not_Corrected|-9999_ppm_Final_Corrected,DTL_003; RATE_005
N/A,EC_081_INC-D1,10.58052/IEWDR01X0,Sediment,70.67,6.35,19.7,-0.974,-3.309,0.506,0.452,0.0053,20,11,43,9.78,N/A
N/A,EC_081_INC-D2,10.58052/IEWDR01X0,Sediment,80.1,6.32,19.8,-0.163,-0.548,0.488,0.478,0.0004,104,53,1,10.61,N/A
N/A,EC_081_INC-D3,10.58052/IEWDR01X0,Sediment,75.08,6.43,19.7,-0.519,-1.782,0.954,0.953,0.0003,102,52,2,8.68,N/A
N/A,EC_081_INC-D4,10.58052/IEWDR01X0,Sediment,80.7,6.45,19.6,-0.206,-0.708,0.514,0.505,0.0005,104,53,1,10.62,N/A
N/A,EC_081_INC-D5,10.58052/IEWDR01X0,Sediment,71.83,6.5,19.7,-9.36,-31.965,0.836,0.753,0.0489,6,4,50,8.18,N/A
N/A,EC_081_INC-W1,10.58052/IEWDR01X0,Sediment,82.17,6.61,19.6,-183.6,-631.673,-9999,-9999,-9999,-9999,-9999,-9999,3.1,RATE_005
N/A,EC_081_INC-W2,10.58052/IEWDR01X0,Sediment,86.29,6.55,19.8,-188.7,-667.61,-9999,-9999,-9999,-9999,-9999,-9999,2.93,RATE_005
N/A,EC_081_INC-W3,10.58052/IEWDR01X0,Sediment,83.54,6.58,19.8,-197.7,-692.613,-9999,-9999,-9999,-9999,-9999,-9999,2.63,RATE_005
N/A,EC_081_INC-W4,10.58052/IEWDR01X0,Sediment,79.16,6.51,19.5,-158.7,-535.825,-9999,-9999,-9999,-9999,-9999,-9999,3.93,RATE_005
N/A,EC_081_INC-W5,10.58052/IEWDR01X0,Sediment,80.65,6.53,19.8,-168,-568.156,-9999,-9999,-9999,-9999,-9999,-9999,3.62,RATE_005
N/A,EC_082_INC-D1,10.58052/IEWDR01X3,Sediment,114.4,6.76,19.6,-0.82,-3.402,0.968,0.967,0.0004,102,52,2,10.14,N/A
N/A,EC_082_INC-D2,10.58052/IEWDR01X3,Sediment,116.1,6.6,19.8,-0.86,-3.641,0.979,0.978,0.0003,102,52,2,10.47,N/A
N/A,EC_082_INC-D3,10.58052/IEWDR01X3,Sediment,115.1,6.62,19.8,-1.522,-6.516,0.882,0.872,0.0027,26,14,40,10.43,N/A
N/A,EC_082_INC-D4,10.58052/IEWDR01X3,Sediment,118.2,6.83,19.8,-0.728,-2.973,0.922,0.92,0.0005,102,52,2,9.56,N/A
N/A,EC_082_INC-D5,10.58052/IEWDR01X3,Sediment,121.2,6.69,19.5,-0.744,-3.183,0.92,0.919,0.0005,102,52,2,9.46,N/A
N/A,EC_082_INC-W1,10.58052/IEWDR01X3,Sediment,128.6,7.34,19.6,-216,-922.812,-9999,-9999,-9999,-9999,-9999,-9999,2.02,RATE_005
N/A,EC_082_INC-W2,10.58052/IEWDR01X3,Sediment,123.1,6.83,19.8,-173.7,-747.903,-9999,-9999,-9999,-9999,-9999,-9999,3.43,RATE_005
N/A,EC_082_INC-W3,10.58052/IEWDR01X3,Sediment,124.8,6.67,19.7,-181.2,-763.97,-9999,-9999,-9999,-9999,-9999,-9999,3.18,RATE_005
N/A,EC_082_INC-W4,10.58052/IEWDR01X3,Sediment,127.1,6.57,19.6,-152.7,-637.614,-9999,-9999,-9999,-9999,-9999,-9999,4.13,RATE_005
N/A,EC_082_INC-W5,10.58052/IEWDR01X3,Sediment,133.3,6.53,19.7,-197.4,-848.167,-9999,-9999,-9999,-9999,-9999,-9999,2.64,RATE_005
N/A,EC_084_INC-D1,10.58052/IEWDR01X6,Sediment,178.5,6.75,21.5,-32.1,-116.482,0.937,0.874,0.1386,4,3,51,6.6,N/A
N/A,EC_084_INC-D2,10.58052/IEWDR01X6,Sediment,171.1,6.7,21.2,-7.245,-26.15,0.942,0.934,0.0106,18,10,44,6.98,N/A
N/A,EC_084_INC-D3,10.58052/IEWDR01X6,Sediment,171.6,6.79,21,-117,-423.197,-9999,-9999,-9999,-9999,-9999,-9999,4.82,RATE_005
N/A,EC_084_INC-D4,10.58052/IEWDR01X6,Sediment,165.1,6.72,21.3,-1.153,-4.171,0.98,0.979,0.0004,104,53,1,8.11,N/A
N/A,EC_084_INC-D5,10.58052/IEWDR01X6,Sediment,167.1,6.79,21.1,-6.575,-23.859,0.964,0.96,0.007,20,11,43,6.38,N/A
N/A,EC_084_INC-W1,10.58052/IEWDR01X6,Sediment,229.8,7.2,20.8,-160.5,-582.934,-9999,-9999,-9999,-9999,-9999,-9999,3.37,RATE_005
N/A,EC_084_INC-W2,10.58052/IEWDR01X6,Sediment,197.3,6.97,21.2,-159.9,-579.299,-9999,-9999,-9999,-9999,-9999,-9999,3.39,RATE_005
N/A,EC_084_INC-W3,10.58052/IEWDR01X6,Sediment,192.4,6.89,21.3,-183.3,-665.744,-9999,-9999,-9999,-9999,-9999,-9999,2.61,RATE_005
N/A,EC_084_INC-W4,10.58052/IEWDR01X6,Sediment,198.5,6.88,21.3,-172.8,-628.497,-9999,-9999,-9999,-9999,-9999,-9999,2.96,RATE_005
N/A,EC_084_INC-W5,10.58052/IEWDR01X6,Sediment,189.2,6.74,21.5,-138.9,-494.306,-9999,-9999,-9999,-9999,-9999,-9999,4.09,RATE_005
N/A,EC_085_INC-D1,10.58052/IEWDR01X9,Sediment,146.3,6.76,21.2,-0.9,-3.09,0.07,0.239,0.0315,8,5,49,10.89,N/A
N/A,EC_085_INC-D2,10.58052/IEWDR01X9,Sediment,140,6.78,21.4,-0.585,-2.004,0.814,0.811,0.0007,102,52,2,9.4,N/A
N/A,EC_085_INC-D3,10.58052/IEWDR01X9,Sediment,141.6,6.69,21.4,-0.47,-1.611,0.845,0.842,0.0005,102,52,2,9.59,N/A
N/A,EC_085_INC-D4,10.58052/IEWDR01X9,Sediment,146.5,6.73,21.2,-0.499,-1.704,0.926,0.925,0.0003,104,53,1,9.36,N/A
N/A,EC_085_INC-D5,10.58052/IEWDR01X9,Sediment,146.1,6.68,21,-0.556,-1.897,0.969,0.968,0.0002,102,52,2,9.83,N/A
N/A,EC_085_INC-W1,10.58052/IEWDR01X9,Sediment,152.4,7.09,21,-190.5,-650.939,-9999,-9999,-9999,-9999,-9999,-9999,2.37,RATE_005
N/A,EC_085_INC-W2,10.58052/IEWDR01X9,Sediment,147.3,6.99,21.1,-165,-567.285,-9999,-9999,-9999,-9999,-9999,-9999,3.22,RATE_005
N/A,EC_085_INC-W3,10.58052/IEWDR01X9,Sediment,152.1,6.9,21.3,-192,-654.621,-9999,-9999,-9999,-9999,-9999,-9999,2.32,RATE_005
N/A,EC_085_INC-W4,10.58052/IEWDR01X9,Sediment,157.9,6.94,20.8,-172.5,-591.247,-9999,-9999,-9999,-9999,-9999,-9999,2.97,RATE_005
N/A,EC_085_INC-W5,10.58052/IEWDR01X9,Sediment,153.1,7.05,20.9,-144.9,-495.552,-9999,-9999,-9999,-9999,-9999,-9999,3.89,RATE_005
N/A,EC_088_INC-D1,10.58052/IEWDR01XC,Sediment,93.3,6.29,20.4,-1.319,-4.955,0.975,0.974,0.0005,106,54,2,11.94,N/A
N/A,EC_088_INC-D2,10.58052/IEWDR01XC,Sediment,79.42,5.75,20.8,-5.323,-19.995,0.75,0.725,0.0162,22,12,44,8.81,N/A
N/A,EC_088_INC-D3,10.58052/IEWDR01XC,Sediment,83.53,5.79,20.6,-172.8,-648.031,-9999,-9999,-9999,-9999,-9999,-9999,3.22,RATE_005
N/A,EC_088_INC-D4,10.58052/IEWDR01XC,Sediment,82.05,5.7,20.7,-5.335,-20.022,0.823,0.797,0.0156,16,9,47,9.03,N/A
N/A,EC_088_INC-D5,10.58052/IEWDR01XC,Sediment,79.31,5.67,20.8,-1.837,-6.9,0.93,0.926,0.002,36,19,37,8.77,N/A
N/A,EC_088_INC-W1,10.58052/IEWDR01XC,Sediment,117.1,7.18,20.1,-211.8,-798.811,-9999,-9999,-9999,-9999,-9999,-9999,1.92,RATE_005
N/A,EC_088_INC-W2,10.58052/IEWDR01XC,Sediment,101.8,6.01,20.4,-230.4,-864.042,-9999,-9999,-9999,-9999,-9999,-9999,1.3,RATE_005
N/A,EC_088_INC-W3,10.58052/IEWDR01XC,Sediment,105.3,6.02,20.7,-246.3,-926.719,-9999,-9999,-9999,-9999,-9999,-9999,0.77,RATE_005
N/A,EC_088_INC-W4,10.58052/IEWDR01XC,Sediment,100.2,5.83,20.6,-243,-907.645,-9999,-9999,-9999,-9999,-9999,-9999,0.88,RATE_005
N/A,EC_088_INC-W5,10.58052/IEWDR01XC,Sediment,101.6,5.75,20.6,-218.4,-820.987,-9999,-9999,-9999,-9999,-9999,-9999,1.7,RATE_005
N/A,EC_089_INC-D1,10.58052/IEWDR01ZU,Sediment,84.3,5.76,19.7,-0.57,-1.868,0.882,0.88,0.0005,102,52,2,9.47,N/A
N/A,EC_089_INC-D2,10.58052/IEWDR01ZU,Sediment,83.02,5.99,19.6,-0.675,-2.18,0.939,0.938,0.0004,104,53,1,9.71,N/A
N/A,EC_089_INC-D3,10.58052/IEWDR01ZU,Sediment,83.66,6.07,19.6,-0.696,-2.248,0.948,0.947,0.0004,102,52,2,8.83,N/A
N/A,EC_089_INC-D4,10.58052/IEWDR01ZU,Sediment,84.01,5.81,19.5,-0.426,-1.385,0.872,0.87,0.0004,104,53,1,9.13,N/A
N/A,EC_089_INC-D5,10.58052/IEWDR01ZU,Sediment,86.51,5.86,19.6,-1.992,-6.559,0.809,0.79,0.0051,22,12,42,8.6,N/A
N/A,EC_089_INC-W1,10.58052/IEWDR01ZU,Sediment,99.34,6.21,19.4,-2.151,-7.106,0.94,0.936,0.0023,32,17,37,7.1,N/A
N/A,EC_089_INC-W2,10.58052/IEWDR01ZU,Sediment,97.7,5.84,19.5,-3.207,-10.598,0.825,0.796,0.01,14,8,46,6.7,N/A
N/A,EC_089_INC-W3,10.58052/IEWDR01ZU,Sediment,99.05,5.92,19.6,-1.549,-5.16,0.962,0.96,0.0011,42,22,32,6.86,N/A
N/A,EC_089_INC-W4,10.58052/IEWDR01ZU,Sediment,98.69,5.87,19.6,-1.958,-6.438,0.952,0.949,0.002,30,16,38,6.91,N/A
N/A,EC_089_INC-W5,10.58052/IEWDR01ZU,Sediment,99.14,5.77,19.3,-2.346,-7.685,0.932,0.927,0.0028,30,16,38,6.51,N/A
N/A,EC_090_INC-D1,10.58052/IEWDR01ZV,Sediment,36.79,5.24,20.5,-0.303,-0.898,0.759,0.755,0.0004,104,53,2,9.45,N/A
N/A,EC_090_INC-D2,10.58052/IEWDR01ZV,Sediment,36.56,5.33,20.5,-0.236,-0.692,0.643,0.636,0.0004,104,53,2,8.77,N/A
N/A,EC_090_INC-D3,10.58052/IEWDR01ZV,Sediment,35.73,5.39,20.4,-0.298,-0.864,0.655,0.649,0.0005,106,54,1,9.06,N/A
N/A,EC_090_INC-D4,10.58052/IEWDR01ZV,Sediment,36.29,5.43,20.5,-0.235,-0.687,0.726,0.72,0.0003,104,53,2,9.38,N/A
N/A,EC_090_INC-D5,10.58052/IEWDR01ZV,Sediment,34.97,5.35,20.8,-0.178,-0.525,0.902,0.9,0.0001,106,54,1,9.07,N/A
N/A,EC_090_INC-W1,10.58052/IEWDR01ZV,Sediment,29,6.96,20.5,-145.8,-433.371,-9999,-9999,-9999,-9999,-9999,-9999,4.21,RATE_005
N/A,EC_090_INC-W2,10.58052/IEWDR01ZV,Sediment,28.94,6.09,20.7,-125.1,-378.098,-9999,-9999,-9999,-9999,-9999,-9999,4.9,RATE_005
N/A,EC_090_INC-W3,10.58052/IEWDR01ZV,Sediment,26.77,5.77,20.5,-117,-346.251,-9999,-9999,-9999,-9999,-9999,-9999,5.17,RATE_005
N/A,EC_090_INC-W4,10.58052/IEWDR01ZV,Sediment,29.03,5.55,20.7,-163.8,-479.192,-9999,-9999,-9999,-9999,-9999,-9999,3.61,RATE_005
N/A,EC_090_INC-W5,10.58052/IEWDR01ZV,Sediment,29.74,5.45,20.4,-141.3,-418.491,-9999,-9999,-9999,-9999,-9999,-9999,4.36,RATE_005
N/A,EC_091_INC-D1,10.58052/IEWDR01ZW,Sediment,168.8,7.01,19.8,-6.75,-22.54,0.705,0.606,0.0421,8,5,50,9.53,N/A
N/A,EC_091_INC-D2,10.58052/IEWDR01ZW,Sediment,160.8,6.01,20,-5.14,-17.114,0.854,0.834,0.0134,16,9,46,6.78,N/A
N/A,EC_091_INC-D3,10.58052/IEWDR01ZW,Sediment,165.8,6.27,20.3,-0.471,-1.582,0.854,0.851,0.0005,104,53,2,8.49,N/A
N/A,EC_091_INC-D4,10.58052/IEWDR01ZW,Sediment,154,6.13,20,-4.385,-14.354,0.837,0.819,0.0108,20,11,44,6.34,N/A
N/A,EC_091_INC-D5,10.58052/IEWDR01ZW,Sediment,161,6.4,20.1,-0.51,-1.729,0.858,0.851,0.0008,104,22,33,8.45,INC_002
N/A,EC_091_INC-W1,10.58052/IEWDR01ZW,Sediment,153.8,6.43,20,-175.2,-583.267,-9999,-9999,-9999,-9999,-9999,-9999,3.13,RATE_005
N/A,EC_091_INC-W2,10.58052/IEWDR01ZW,Sediment,141.9,7.12,20.1,-121.5,-399.72,-9999,-9999,-9999,-9999,-9999,-9999,4.92,RATE_005
N/A,EC_091_INC-W3,10.58052/IEWDR01ZW,Sediment,163.3,6.98,19.7,-119.4,-405.39,-9999,-9999,-9999,-9999,-9999,-9999,4.99,RATE_005
N/A,EC_091_INC-W4,10.58052/IEWDR01ZW,Sediment,159.2,6.66,20.1,-104.4,-345.743,-9999,-9999,-9999,-9999,-9999,-9999,5.49,RATE_005
N/A,EC_091_INC-W5,10.58052/IEWDR01ZW,Sediment,151.3,6.83,20.1,-144.3,-487.384,-9999,-9999,-9999,-9999,-9999,-9999,4.16,RATE_005
N/A,EC_092_INC-D1,10.58052/IEWDR01ZX,Sediment,144,6.53,20,-0.436,-1.317,0.847,0.844,0.0004,104,53,2,8.72,N/A
N/A,EC_092_INC-D2,10.58052/IEWDR01ZX,Sediment,140.3,6.96,20,-0.737,-2.17,0.844,0.841,0.0007,106,54,1,12,N/A
N/A,EC_092_INC-D3,10.58052/IEWDR01ZX,Sediment,145.3,6.64,20.1,-0.141,-0.415,0.433,0.422,0.0004,106,54,1,8.33,N/A
N/A,EC_092_INC-D4,10.58052/IEWDR01ZX,Sediment,142.3,7.04,20,-0.392,-1.167,0.816,0.813,0.0004,104,53,2,8.79,N/A
N/A,EC_092_INC-D5,10.58052/IEWDR01ZX,Sediment,142.2,6.99,20.1,-0.496,-1.487,0.961,0.96,0.0002,104,53,2,9.73,N/A
N/A,EC_092_INC-W1,10.58052/IEWDR01ZX,Sediment,169,6.33,19.8,-7.11,-21.011,0.787,0.68,0.0436,6,4,51,6.67,N/A
N/A,EC_092_INC-W2,10.58052/IEWDR01ZX,Sediment,168.2,6.11,20,-9.57,-28.973,0.786,0.678,0.0589,6,4,51,6.26,N/A
N/A,EC_092_INC-W3,10.58052/IEWDR01ZX,Sediment,170.3,6.16,20.4,-1.976,-6.031,0.85,0.841,0.0035,34,18,37,5.83,N/A
N/A,EC_092_INC-W4,10.58052/IEWDR01ZX,Sediment,166.3,6.18,20,-2.346,-7.028,0.964,0.962,0.0018,36,19,36,5.73,N/A
N/A,EC_092_INC-W5,10.58052/IEWDR01ZX,Sediment,168.2,6.35,20.1,-2.015,-6.097,0.948,0.946,0.0018,38,20,35,5.91,N/A
N/A,EC_093_INC-D1,10.58052/IEWDR01ZY,Sediment,56.27,6.38,20.7,0,0,0.104,0.086,0.0009,104,53,1,11.95,N/A
N/A,EC_093_INC-D2,10.58052/IEWDR01ZY,Sediment,57.2,6.64,20.8,0,0,0.66,0.653,0.0007,102,52,2,10.22,N/A
N/A,EC_093_INC-D3,10.58052/IEWDR01ZY,Sediment,56.58,6.6,20.6,-0.468,-1.435,0.719,0.714,0.0007,102,52,2,10.05,N/A
N/A,EC_093_INC-D4,10.58052/IEWDR01ZY,Sediment,55.18,6.75,20.3,0,0,0.445,0.434,0.0005,102,52,2,9.86,N/A
N/A,EC_093_INC-D5,10.58052/IEWDR01ZY,Sediment,53.71,6.52,20.5,0,0,0.009,0.01,0.0006,104,53,1,10.62,N/A
N/A,EC_093_INC-W1,10.58052/IEWDR01ZY,Sediment,74.15,7.34,20.2,-0.554,-1.699,0.884,0.881,0.0005,104,53,1,10.35,N/A
N/A,EC_093_INC-W2,10.58052/IEWDR01ZY,Sediment,69.1,6.67,20.3,-0.473,-1.471,0.876,0.873,0.0004,104,53,1,8.72,N/A
N/A,EC_093_INC-W3,10.58052/IEWDR01ZY,Sediment,70.03,6.52,20.2,-0.547,-1.701,0.804,0.8,0.0006,102,52,2,9.37,N/A
N/A,EC_093_INC-W4,10.58052/IEWDR01ZY,Sediment,71.93,6.3,20.5,-0.519,-1.618,0.816,0.812,0.0006,102,52,2,9.49,N/A
N/A,EC_093_INC-W5,10.58052/IEWDR01ZY,Sediment,68.51,6.31,20.3,-0.454,-1.401,0.809,0.806,0.0005,102,52,2,9.93,N/A
N/A,EC_094_INC-D1,10.58052/IEWDR01ZZ,Sediment,243.3,6.45,20.1,-0.919,-2.985,0.954,0.953,0.0005,100,51,3,9.59,N/A
N/A,EC_094_INC-D2,10.58052/IEWDR01ZZ,Sediment,235.1,6.6,20.8,-0.928,-3.018,0.981,0.98,0.0003,102,52,2,9.76,N/A
N/A,EC_094_INC-D3,10.58052/IEWDR01ZZ,Sediment,240.3,6.6,20.4,-0.757,-2.442,0.972,0.972,0.0003,102,52,2,10.66,N/A
N/A,EC_094_INC-D4,10.58052/IEWDR01ZZ,Sediment,238.1,6.53,20.3,-3.78,-12.403,0.955,0.952,0.0039,26,14,40,7.47,N/A
N/A,EC_094_INC-D5,10.58052/IEWDR01ZZ,Sediment,233.2,6.91,20.4,-0.801,-2.614,0.983,0.983,0.0002,104,53,1,10.23,N/A
N/A,EC_094_INC-W1,10.58052/IEWDR01ZZ,Sediment,238.8,7,20.2,-124.5,-408.568,-9999,-9999,-9999,-9999,-9999,-9999,4.89,RATE_005
N/A,EC_094_INC-W2,10.58052/IEWDR01ZZ,Sediment,244.9,6.47,20.2,-154.8,-498.402,-9999,-9999,-9999,-9999,-9999,-9999,3.88,RATE_005
N/A,EC_094_INC-W3,10.58052/IEWDR01ZZ,Sediment,239.9,6.45,20.4,-109.8,-362.538,-9999,-9999,-9999,-9999,-9999,-9999,5.38,RATE_005
N/A,EC_094_INC-W4,10.58052/IEWDR01ZZ,Sediment,244.2,6.33,20.1,-131.4,-423.999,-9999,-9999,-9999,-9999,-9999,-9999,4.66,RATE_005
N/A,EC_094_INC-W5,10.58052/IEWDR01ZZ,Sediment,243.9,6.33,20.4,-122.4,-395.931,-9999,-9999,-9999,-9999,-9999,-9999,4.96,RATE_005
N/A,EC_095_INC-D1,10.58052/IEWDR0200,Sediment,369.9,5.42,19.5,-3.316,-14.04,0.888,0.878,0.0059,24,13,42,9.88,N/A
N/A,EC_095_INC-D2,10.58052/IEWDR0200,Sediment,366.5,5.17,19.4,-1.589,-6.66,0.973,0.973,0.0006,104,53,2,10.97,N/A
N/A,EC_095_INC-D3,10.58052/IEWDR0200,Sediment,365.6,5.3,19.3,-2.293,-9.656,0.866,0.856,0.0042,28,15,40,10.5,N/A
N/A,EC_095_INC-D4,10.58052/IEWDR0200,Sediment,377,5.21,19.5,-2.648,-11.143,0.949,0.946,0.0026,32,17,38,8.68,N/A
N/A,EC_095_INC-D5,10.58052/IEWDR0200,Sediment,382.5,5.2,19.5,-4.825,-20.503,0.736,0.691,0.0197,14,8,47,11.11,N/A
N/A,EC_095_INC-W1,10.58052/IEWDR0200,Sediment,347.3,5.55,19.5,-276.27,-1176.095,-9999,-9999,-9999,-9999,-9999,-9999,DO_Below_0.102_ppm_LOD|Negative_Value_Raw_Not_Corrected|-9999_ppm_Final_Corrected,DTL_003; RATE_005
N/A,EC_095_INC-W2,10.58052/IEWDR0200,Sediment,343.1,5.69,19.4,-276.27,-1167.535,-9999,-9999,-9999,-9999,-9999,-9999,DO_Below_0.102_ppm_LOD|Negative_Value_Raw_Not_Corrected|-9999_ppm_Final_Corrected,DTL_003; RATE_005
N/A,EC_095_INC-W3,10.58052/IEWDR0200,Sediment,347.3,5.66,19.7,-276.27,-1155.432,-9999,-9999,-9999,-9999,-9999,-9999,DO_Below_0.102_ppm_LOD|Negative_Value_Raw_Not_Corrected|-9999_ppm_Final_Corrected,DTL_003; RATE_005
N/A,EC_095_INC-W4,10.58052/IEWDR0200,Sediment,319,5.73,19.5,-271.2,-1137.515,-9999,-9999,-9999,-9999,-9999,-9999,0.22,RATE_005
N/A,EC_095_INC-W5,10.58052/IEWDR0200,Sediment,330.9,5.8,19.4,-276.27,-1151.827,-9999,-9999,-9999,-9999,-9999,-9999,DO_Below_0.102_ppm_LOD|Negative_Value_Raw_Not_Corrected|-9999_ppm_Final_Corrected,DTL_003; RATE_005
#End_Data,,,,,,,,,,,,,,,,
