#Columns,8,,,,,,,
#Header_Rows,12,,,,,,,
Field_Name,Sample_Name,IGSN,Material,Extractable_NPOC_mg_per_L,Extractable_TN_mg_per_L,Extractable_NPOC_mg_per_kg,Extractable_TN_mg_per_kg,Methods_Deviation
Unit,N/A,N/A,N/A,milligrams_per_liter ,milligrams_per_liter ,milligrams_per_kilogram,milligrams_per_kilogram,N/A
Unit_Basis,N/A,N/A,N/A,as_extractable_dissolvable_Carbon ,as_extractable_dissolvable_Nitrogen ,as_extractable_milligrams_Carbon_per_kilogram_dry_sediment ,as_extractable_milligrams_Nitrogen_per_kilogram_dry_sediment ,N/A
MethodID_Analysis,N/A,N/A,N/A,NPOC_T_AN_000,TN_T_AN_000,NPOC_T_AN_000,TN_T_AN_000,N/A
MethodID_Inspection,N/A,N/A,N/A,NPOC_T_IN_000,TN_T_IN_000,NPOC_T_IN_000,TN_T_IN_000,N/A
MethodID_Storage,N/A,N/A,N/A,NPOC_T_ST_000,TN_T_ST_000,NPOC_T_ST_000,TN_T_ST_000,N/A
MethodID_Preservation,N/A,N/A,N/A,NPOC_T_PRES_000,TN_T_PRES_000,NPOC_T_PRES_000,TN_T_PRES_000,N/A
MethodID_Preparation,N/A,N/A,N/A,NPOC_T_PREP_000,TN_T_PREP_000,NPOC_T_PREP_000,TN_T_PREP_000,N/A
MethodID_DataProcessing,N/A,N/A,N/A,NPOC_T_DP_000,TN_T_DP_000,NPOC_T_DP_000,TN_T_DP_000,N/A
Analysis_DetectionLimit,-9999,-9999,-9999,0.17,0.015,-9999,-9999,N/A
Analysis_Precision,-9999,-9999,-9999,-9999,-9999,-9999,-9999,N/A
Data_Status,N/A,N/A,N/A,ready_to_use,ready_to_use,ready_to_use,ready_to_use,N/A
#Start_Data,EC_005_SIR-D1,10.58052/IEWDR01Q9,Sediment,2.92,0.87,9.41,2.8,N/A
N/A,EC_005_SIR-D2,10.58052/IEWDR01Q9,Sediment,2.84,0.85,9.19,2.75,N/A
N/A,EC_005_SIR-D3,10.58052/IEWDR01Q9,Sediment,2.83,0.81,9.14,2.62,N/A
N/A,EC_005_SIR-D4,10.58052/IEWDR01Q9,Sediment,2.86,0.81,9.29,2.63,N/A
N/A,EC_005_SIR-D5,10.58052/IEWDR01Q9,Sediment,2.77,0.81,8.97,2.62,N/A
N/A,EC_005_SIR-W1,10.58052/IEWDR01Q9,Sediment,2.73,0.82,8.81,2.65,N/A
N/A,EC_005_SIR-W2,10.58052/IEWDR01Q9,Sediment,2.71,0.8,8.75,2.58,N/A
N/A,EC_005_SIR-W3,10.58052/IEWDR01Q9,Sediment,2.62,0.79,8.43,2.54,N/A
N/A,EC_005_SIR-W4,10.58052/IEWDR01Q9,Sediment,2.62,0.65,8.44,2.09,N/A
N/A,EC_005_SIR-W5,10.58052/IEWDR01Q9,Sediment,2.69,0.77,8.7,2.49,N/A
N/A,EC_009_SIR-D1,10.58052/IEWDR01UU,Sediment,3.62,0.59,12.61,2.06,N/A
N/A,EC_009_SIR-D2,10.58052/IEWDR01UU,Sediment,3.55,0.86,12.36,2.99,N/A
N/A,EC_009_SIR-D3,10.58052/IEWDR01UU,Sediment,3.48,1.11,12.15,3.88,N/A
N/A,EC_009_SIR-D4,10.58052/IEWDR01UU,Sediment,3.39,0.95,11.88,3.33,N/A
N/A,EC_009_SIR-D5,10.58052/IEWDR01UU,Sediment,3.65,0.45,12.8,1.58,TNRERUN_004
N/A,EC_009_SIR-W1,10.58052/IEWDR01UU,Sediment,3.46,0.88,12.15,3.09,VB_OCN_004; TNRERUN_004
N/A,EC_009_SIR-W2,10.58052/IEWDR01UU,Sediment,3.9,0.5,13.64,1.75,N/A
N/A,EC_009_SIR-W3,10.58052/IEWDR01UU,Sediment,3.88,0.53,13.6,1.86,N/A
N/A,EC_009_SIR-W4,10.58052/IEWDR01UU,Sediment,4.15,0.54,14.48,1.88,N/A
N/A,EC_009_SIR-W5,10.58052/IEWDR01UU,Sediment,4.08,0.53,14.23,1.85,N/A
N/A,EC_011_SIR-D1,10.58052/IEWDR01QE,Sediment,3.52,1.24,14.01,4.94,N/A
N/A,EC_011_SIR-D2,10.58052/IEWDR01QE,Sediment,3.7,1.3,14.78,5.19,N/A
N/A,EC_011_SIR-D3,10.58052/IEWDR01QE,Sediment,3.4,1.37,13.53,5.45,N/A
N/A,EC_011_SIR-D4,10.58052/IEWDR01QE,Sediment,4.04,1.07,16.08,4.26,N/A
N/A,EC_011_SIR-D5,10.58052/IEWDR01QE,Sediment,3.27,1.55,13.05,6.19,N/A
N/A,EC_011_SIR-W1,10.58052/IEWDR01QE,Sediment,5.13,1.84,20.65,7.41,N/A
N/A,EC_011_SIR-W2,10.58052/IEWDR01QE,Sediment,5.19,1.88,20.9,7.57,N/A
N/A,EC_011_SIR-W3,10.58052/IEWDR01QE,Sediment,4.57,1.33,18.41,5.36,N/A
N/A,EC_011_SIR-W4,10.58052/IEWDR01QE,Sediment,4.4,0.86,17.63,3.45,N/A
N/A,EC_011_SIR-W5,10.58052/IEWDR01QE,Sediment,4.8,1.45,19.3,5.83,N/A
N/A,EC_012_SIR-D1,10.58052/IEWDR01QF,Sediment,6.93,2.75,32.33,12.83,N/A
N/A,EC_012_SIR-D2,10.58052/IEWDR01QF,Sediment,6.57,1.94,30.89,9.12,N/A
N/A,EC_012_SIR-D3,10.58052/IEWDR01QF,Sediment,6.91,2.34,32.2,10.91,N/A
N/A,EC_012_SIR-D4,10.58052/IEWDR01QF,Sediment,6.46,2.85,30.17,13.31,TNRERUN_003
N/A,EC_012_SIR-D5,10.58052/IEWDR01QF,Sediment,3.96,3.39,40.32,34.52,TNRERUN_003
N/A,EC_012_SIR-W1,10.58052/IEWDR01QF,Sediment,6.73,1.64,31.73,7.73,N/A
N/A,EC_012_SIR-W2,10.58052/IEWDR01QF,Sediment,5.84,1.73,27.72,8.21,N/A
N/A,EC_012_SIR-W3,10.58052/IEWDR01QF,Sediment,5.01,1.31,23.74,6.21,N/A
N/A,EC_012_SIR-W4,10.58052/IEWDR01QF,Sediment,5.26,1.35,24.97,6.41,N/A
N/A,EC_012_SIR-W5,10.58052/IEWDR01QF,Sediment,5.98,1.51,28.25,7.13,N/A
N/A,EC_013_SIR-D1,10.58052/IEWDR01QG,Sediment,8.17,7.43,43.83,39.86,TNRERUN_003
N/A,EC_013_SIR-D2,10.58052/IEWDR01QG,Sediment,7.96,7.38,42.61,39.51,TNRERUN_003
N/A,EC_013_SIR-D3,10.58052/IEWDR01QG,Sediment,8.2,7.53,44,40.4,TNRERUN_003
N/A,EC_013_SIR-D4,10.58052/IEWDR01QG,Sediment,8.08,7.66,43.26,41.01,TNRERUN_003
N/A,EC_013_SIR-D5,10.58052/IEWDR01QG,Sediment,7.94,7.4,42.56,39.66,TNRERUN_003
N/A,EC_013_SIR-W1,10.58052/IEWDR01QG,Sediment,7.74,6.84,41.53,36.7,TNRERUN_003
N/A,EC_013_SIR-W2,10.58052/IEWDR01QG,Sediment,7.98,6.72,42.63,35.9,TNRERUN_003
N/A,EC_013_SIR-W3,10.58052/IEWDR01QG,Sediment,7.86,6.85,42.04,36.63,TNRERUN_003
N/A,EC_013_SIR-W4,10.58052/IEWDR01QG,Sediment,8,6.86,42.83,36.72,TNRERUN_003
N/A,EC_013_SIR-W5,10.58052/IEWDR01QG,Sediment,7.9,6.87,42.29,36.78,TNRERUN_003
N/A,EC_014_SIR-D1,10.58052/IEWDR01QH,Sediment,5.96,1.22,24.86,5.09,N/A
N/A,EC_014_SIR-D2,10.58052/IEWDR01QH,Sediment,5.62,1.15,23.48,4.81,N/A
N/A,EC_014_SIR-D3,10.58052/IEWDR01QH,Sediment,5.89,1.47,24.63,6.15,N/A
N/A,EC_014_SIR-D4,10.58052/IEWDR01QH,Sediment,5.91,1.46,24.71,6.11,N/A
N/A,EC_014_SIR-D5,10.58052/IEWDR01QH,Sediment,5.83,1.29,24.42,5.4,N/A
N/A,EC_014_SIR-W1,10.58052/IEWDR01QH,Sediment,4.45,0.92,18.61,3.85,N/A
N/A,EC_014_SIR-W2,10.58052/IEWDR01QH,Sediment,4.24,0.94,17.79,3.95,N/A
N/A,EC_014_SIR-W3,10.58052/IEWDR01QH,Sediment,4.39,0.93,18.37,3.89,N/A
N/A,EC_014_SIR-W4,10.58052/IEWDR01QH,Sediment,4.55,0.94,18.96,3.92,N/A
N/A,EC_014_SIR-W5,10.58052/IEWDR01QH,Sediment,4.48,0.92,18.78,3.86,N/A
N/A,EC_017_SIR-D1,10.58052/IEWDR01QK,Sediment,1.93,1.78,6.13,5.65,N/A
N/A,EC_017_SIR-D2,10.58052/IEWDR01QK,Sediment,1.85,2.01,5.86,6.36,N/A
N/A,EC_017_SIR-D3,10.58052/IEWDR01QK,Sediment,1.67,1.45,5.26,4.57,N/A
N/A,EC_017_SIR-D4,10.58052/IEWDR01QK,Sediment,1.89,1.69,6,5.36,N/A
N/A,EC_017_SIR-D5,10.58052/IEWDR01QK,Sediment,1.85,1.81,5.81,5.68,N/A
N/A,EC_017_SIR-W1,10.58052/IEWDR01QK,Sediment,1.56,0.27,4.95,0.86,N/A
N/A,EC_017_SIR-W2,10.58052/IEWDR01QK,Sediment,1.93,0.38,6.11,1.2,N/A
N/A,EC_017_SIR-W3,10.58052/IEWDR01QK,Sediment,1.85,0.37,5.82,1.16,N/A
N/A,EC_017_SIR-W4,10.58052/IEWDR01QK,Sediment,1.81,0.36,5.74,1.14,N/A
N/A,EC_017_SIR-W5,10.58052/IEWDR01QK,Sediment,1.9,0.35,6.02,1.11,N/A
N/A,EC_018_SIR-D1,10.58052/IEWDR01QL,Sediment,2.65,2.87,10.23,11.07,N/A
N/A,EC_018_SIR-D2,10.58052/IEWDR01QL,Sediment,2.57,2.66,9.92,10.26,N/A
N/A,EC_018_SIR-D3,10.58052/IEWDR01QL,Sediment,2.6,2.93,10.05,11.33,N/A
N/A,EC_018_SIR-D4,10.58052/IEWDR01QL,Sediment,2.72,2.9,10.51,11.2,TNRERUN_003
N/A,EC_018_SIR-D5,10.58052/IEWDR01QL,Sediment,2.75,2.52,10.6,9.72,N/A
N/A,EC_018_SIR-W1,10.58052/IEWDR01QL,Sediment,2.71,1.25,10.48,4.84,N/A
N/A,EC_018_SIR-W2,10.58052/IEWDR01QL,Sediment,2.58,1.27,9.99,4.92,N/A
N/A,EC_018_SIR-W3,10.58052/IEWDR01QL,Sediment,2.78,1.24,10.75,4.79,N/A
N/A,EC_018_SIR-W4,10.58052/IEWDR01QL,Sediment,2.56,1.26,9.87,4.86,N/A
N/A,EC_018_SIR-W5,10.58052/IEWDR01QL,Sediment,2.89,1.21,11.16,4.67,N/A
N/A,EC_021_SIR-D1,10.58052/IEWDR01QN,Sediment,7.16,7.11,22.61,22.45,TNRERUN_003
N/A,EC_021_SIR-D2,10.58052/IEWDR01QN,Sediment,7.11,6.73,22.48,21.28,TNRERUN_003
N/A,EC_021_SIR-D3,10.58052/IEWDR01QN,Sediment,7.11,7.2,22.61,22.89,TNRERUN_003
N/A,EC_021_SIR-D4,10.58052/IEWDR01QN,Sediment,6.72,6.17,21.75,19.97,TNRERUN_003
N/A,EC_021_SIR-D5,10.58052/IEWDR01QN,Sediment,6.86,7.17,21.83,22.81,TNRERUN_003
N/A,EC_021_SIR-W1,10.58052/IEWDR01QN,Sediment,6.87,4.03,21.75,12.76,TNRERUN_003
N/A,EC_021_SIR-W2,10.58052/IEWDR01QN,Sediment,6.68,4.29,21.18,13.6,TNRERUN_003
N/A,EC_021_SIR-W3,10.58052/IEWDR01QN,Sediment,6.7,4.28,21.34,13.63,TNRERUN_003
N/A,EC_021_SIR-W4,10.58052/IEWDR01QN,Sediment,6.8,4.36,21.58,13.84,TNRERUN_003
N/A,EC_021_SIR-W5,10.58052/IEWDR01QN,Sediment,6.85,4.46,21.76,14.17,TNRERUN_003
N/A,EC_022_SIR-D1,10.58052/IEWDR01QO,Sediment,1.34,1.67,4.34,5.41,FRZ_SIR_002; VB_OCN_004; TNRERUN_004
N/A,EC_022_SIR-D2,10.58052/IEWDR01QO,Sediment,-9999,-9999,-9999,-9999,FRZ_SIR_002; VB_OCN_001
N/A,EC_022_SIR-D3,10.58052/IEWDR01QO,Sediment,1.35,3.46,4.4,11.28,FRZ_SIR_002; TNRERUN_003
N/A,EC_022_SIR-D4,10.58052/IEWDR01QO,Sediment,1.56,3.42,5.03,11.03,FRZ_SIR_002; TNRERUN_003
N/A,EC_022_SIR-D5,10.58052/IEWDR01QO,Sediment,1.13,3.13,3.67,10.17,FRZ_SIR_002; TNRERUN_003
N/A,EC_022_SIR-W1,10.58052/IEWDR01QO,Sediment,1.79,0.33,5.81,1.07,FRZ_SIR_002
N/A,EC_022_SIR-W2,10.58052/IEWDR01QO,Sediment,1.71,0.3,5.53,0.97,FRZ_SIR_002
N/A,EC_022_SIR-W3,10.58052/IEWDR01QO,Sediment,1.78,0.34,5.77,1.1,FRZ_SIR_002
N/A,EC_022_SIR-W4,10.58052/IEWDR01QO,Sediment,1.8,0.33,5.83,1.07,FRZ_SIR_002
N/A,EC_022_SIR-W5,10.58052/IEWDR01QO,Sediment,1.86,0.33,6.02,1.07,FRZ_SIR_002
N/A,EC_023_SIR-D1,10.58052/IEWDR01QP,Sediment,2.17,0.52,-9999,-9999,FRZ_SIR_002
N/A,EC_023_SIR-D2,10.58052/IEWDR01QP,Sediment,1.59,1.38,-9999,-9999,FRZ_SIR_002; TNRERUN_004
N/A,EC_023_SIR-D3,10.58052/IEWDR01QP,Sediment,2.22,0.55,-9999,-9999,FRZ_SIR_002
N/A,EC_023_SIR-D4,10.58052/IEWDR01QP,Sediment,2.15,0.63,-9999,-9999,FRZ_SIR_002
N/A,EC_023_SIR-D5,10.58052/IEWDR01QP,Sediment,1.96,0.96,-9999,-9999,FRZ_SIR_002; TNRERUN_004
N/A,EC_023_SIR-W1,10.58052/IEWDR01QP,Sediment,2.46,0.54,-9999,-9999,FRZ_SIR_002
N/A,EC_023_SIR-W2,10.58052/IEWDR01QP,Sediment,3.06,0.52,-9999,-9999,FRZ_SIR_002
N/A,EC_023_SIR-W3,10.58052/IEWDR01QP,Sediment,2.46,0.5,-9999,-9999,FRZ_SIR_002
N/A,EC_023_SIR-W4,10.58052/IEWDR01QP,Sediment,2.31,0.49,-9999,-9999,FRZ_SIR_002
N/A,EC_023_SIR-W5,10.58052/IEWDR01QP,Sediment,2.49,0.53,-9999,-9999,FRZ_SIR_002
N/A,EC_024_SIR-D1,10.58052/IEWDR01QQ,Sediment,2.28,2.38,6.61,6.9,N/A
N/A,EC_024_SIR-D2,10.58052/IEWDR01QQ,Sediment,2.32,3.1,6.75,9.02,TNRERUN_003
N/A,EC_024_SIR-D3,10.58052/IEWDR01QQ,Sediment,2.43,2.94,7.06,8.54,N/A
N/A,EC_024_SIR-D4,10.58052/IEWDR01QQ,Sediment,2.31,3.11,6.73,9.06,TNRERUN_003
N/A,EC_024_SIR-D5,10.58052/IEWDR01QQ,Sediment,2.34,3.1,6.84,9.06,TNRERUN_003
N/A,EC_024_SIR-W1,10.58052/IEWDR01QQ,Sediment,2.42,1,7.04,2.91,N/A
N/A,EC_024_SIR-W2,10.58052/IEWDR01QQ,Sediment,2.25,1.06,6.59,3.1,N/A
N/A,EC_024_SIR-W3,10.58052/IEWDR01QQ,Sediment,2.26,0.96,6.56,2.79,N/A
N/A,EC_024_SIR-W4,10.58052/IEWDR01QQ,Sediment,2.33,0.97,6.73,2.8,N/A
N/A,EC_024_SIR-W5,10.58052/IEWDR01QQ,Sediment,2.54,1.07,7.39,3.11,N/A
N/A,EC_027_SIR-D1,10.58052/IEWDR01QR,Sediment,5.37,0.75,27.93,3.9,N/A
N/A,EC_027_SIR-D2,10.58052/IEWDR01QR,Sediment,5.4,0.94,28.14,4.9,N/A
N/A,EC_027_SIR-D3,10.58052/IEWDR01QR,Sediment,5.24,0.99,27.25,5.15,N/A
N/A,EC_027_SIR-D4,10.58052/IEWDR01QR,Sediment,5.54,0.94,28.85,4.89,N/A
N/A,EC_027_SIR-D5,10.58052/IEWDR01QR,Sediment,5.48,1.01,28.47,5.25,N/A
N/A,EC_027_SIR-W1,10.58052/IEWDR01QR,Sediment,4.97,0.64,25.88,3.33,N/A
N/A,EC_027_SIR-W2,10.58052/IEWDR01QR,Sediment,5.23,0.82,27.26,4.27,N/A
N/A,EC_027_SIR-W3,10.58052/IEWDR01QR,Sediment,4.94,0.68,25.75,3.54,N/A
N/A,EC_027_SIR-W4,10.58052/IEWDR01QR,Sediment,5.32,0.88,27.64,4.57,N/A
N/A,EC_027_SIR-W5,10.58052/IEWDR01QR,Sediment,-9999,-9999,-9999,-9999,VB_OCN_001
N/A,EC_032_SIR-D1,10.58052/IEWDR01QT,Sediment,8.03,1.13,41.51,5.84,N/A
N/A,EC_032_SIR-D2,10.58052/IEWDR01QT,Sediment,8.21,1.4,44.32,7.56,N/A
N/A,EC_032_SIR-D3,10.58052/IEWDR01QT,Sediment,8.16,1.64,43.66,8.78,N/A
N/A,EC_032_SIR-D4,10.58052/IEWDR01QT,Sediment,8.17,1.14,43.57,6.08,N/A
N/A,EC_032_SIR-D5,10.58052/IEWDR01QT,Sediment,7.85,1.91,40.06,9.75,N/A
N/A,EC_032_SIR-W1,10.58052/IEWDR01QT,Sediment,7.46,1.35,40.01,7.24,N/A
N/A,EC_032_SIR-W2,10.58052/IEWDR01QT,Sediment,7.35,1.37,39.59,7.38,N/A
N/A,EC_032_SIR-W3,10.58052/IEWDR01QT,Sediment,7.95,1.29,41.81,6.78,N/A
N/A,EC_032_SIR-W4,10.58052/IEWDR01QT,Sediment,7.98,1.21,41.69,6.32,N/A
N/A,EC_032_SIR-W5,10.58052/IEWDR01QT,Sediment,7.99,1.3,41.93,6.82,N/A
N/A,EC_033_SIR-D1,10.58052/IEWDR01QU,Sediment,6.14,6.28,19.54,19.99,TNRERUN_003
N/A,EC_033_SIR-D2,10.58052/IEWDR01QU,Sediment,6.08,6.09,19.21,19.24,TNRERUN_003
N/A,EC_033_SIR-D3,10.58052/IEWDR01QU,Sediment,6.17,5.79,19.54,18.33,TNRERUN_003
N/A,EC_033_SIR-D4,10.58052/IEWDR01QU,Sediment,6.13,5.9,19.41,18.68,TNRERUN_003
N/A,EC_033_SIR-D5,10.58052/IEWDR01QU,Sediment,6.1,6.21,19.41,19.76,TNRERUN_003
N/A,EC_033_SIR-W1,10.58052/IEWDR01QU,Sediment,5.5,5.05,17.51,16.08,TNRERUN_003
N/A,EC_033_SIR-W2,10.58052/IEWDR01QU,Sediment,5.56,4.57,17.47,14.36,TNRERUN_003
N/A,EC_033_SIR-W3,10.58052/IEWDR01QU,Sediment,5.43,4.93,17.28,15.69,TNRERUN_003
N/A,EC_033_SIR-W4,10.58052/IEWDR01QU,Sediment,5.55,4.52,17.4,14.17,TNRERUN_003
N/A,EC_033_SIR-W5,10.58052/IEWDR01QU,Sediment,5.49,4.26,17.56,13.63,TNRERUN_003
N/A,EC_034_SIR-D1,10.58052/IEWDR01QV,Sediment,4.41,2.24,15.21,7.72,N/A
N/A,EC_034_SIR-D2,10.58052/IEWDR01QV,Sediment,4.45,2.81,15.32,9.68,N/A
N/A,EC_034_SIR-D3,10.58052/IEWDR01QV,Sediment,3.84,2.37,13.27,8.19,N/A
N/A,EC_034_SIR-D4,10.58052/IEWDR01QV,Sediment,4.41,2.38,15.33,8.27,N/A
N/A,EC_034_SIR-D5,10.58052/IEWDR01QV,Sediment,4.68,1.43,16.14,4.93,N/A
N/A,EC_034_SIR-W1,10.58052/IEWDR01QV,Sediment,4.02,0.78,13.81,2.68,N/A
N/A,EC_034_SIR-W2,10.58052/IEWDR01QV,Sediment,3.36,1,11.6,3.45,N/A
N/A,EC_034_SIR-W3,10.58052/IEWDR01QV,Sediment,3.43,1.35,11.85,4.66,N/A
N/A,EC_034_SIR-W4,10.58052/IEWDR01QV,Sediment,3.61,0.92,12.37,3.15,N/A
N/A,EC_034_SIR-W5,10.58052/IEWDR01QV,Sediment,3.39,0.77,11.74,2.67,N/A
N/A,EC_035_SIR-D1,10.58052/IEWDR01QW,Sediment,3.62,0.99,25.69,7.02,N/A
N/A,EC_035_SIR-D2,10.58052/IEWDR01QW,Sediment,4.77,0.93,34.18,6.66,N/A
N/A,EC_035_SIR-D3,10.58052/IEWDR01QW,Sediment,4.14,1.7,29.29,12.03,TNRERUN_004
N/A,EC_035_SIR-D4,10.58052/IEWDR01QW,Sediment,5.34,2.01,37.94,14.28,TNRERUN_004
N/A,EC_035_SIR-D5,10.58052/IEWDR01QW,Sediment,5.35,1.29,37.96,9.15,N/A
N/A,EC_035_SIR-W1,10.58052/IEWDR01QW,Sediment,3.98,0.97,28.24,6.88,N/A
N/A,EC_035_SIR-W2,10.58052/IEWDR01QW,Sediment,4.63,1.1,32.8,7.79,N/A
N/A,EC_035_SIR-W3,10.58052/IEWDR01QW,Sediment,4.96,1.49,35.24,10.59,N/A
N/A,EC_035_SIR-W4,10.58052/IEWDR01QW,Sediment,4.6,1.12,32.55,7.93,N/A
N/A,EC_035_SIR-W5,10.58052/IEWDR01QW,Sediment,4.8,1.07,34.06,7.59,N/A
N/A,EC_037_SIR-D1,10.58052/IEWDR01QX,Sediment,3.88,3.38,11.27,9.82,TNRERUN_003
N/A,EC_037_SIR-D2,10.58052/IEWDR01QX,Sediment,3.84,3.17,11.08,9.15,TNRERUN_003
N/A,EC_037_SIR-D3,10.58052/IEWDR01QX,Sediment,4.14,3.05,11.91,8.78,TNRERUN_003
N/A,EC_037_SIR-D4,10.58052/IEWDR01QX,Sediment,3.95,3.62,11.34,10.4,TNRERUN_003
N/A,EC_037_SIR-D5,10.58052/IEWDR01QX,Sediment,3.83,3.59,11.14,10.44,TNRERUN_003
N/A,EC_037_SIR-W1,10.58052/IEWDR01QX,Sediment,4.4,1.02,12.62,2.93,N/A
N/A,EC_037_SIR-W2,10.58052/IEWDR01QX,Sediment,4.24,0.98,12.12,2.8,N/A
N/A,EC_037_SIR-W3,10.58052/IEWDR01QX,Sediment,4.19,0.97,12.21,2.83,N/A
N/A,EC_037_SIR-W4,10.58052/IEWDR01QX,Sediment,4.36,1.03,12.4,2.93,N/A
N/A,EC_037_SIR-W5,10.58052/IEWDR01QX,Sediment,4.34,1.05,12.23,2.96,N/A
N/A,EC_038_SIR-D1,10.58052/IEWDR01QY,Sediment,5.82,1.16,17.96,3.58,N/A
N/A,EC_038_SIR-D2,10.58052/IEWDR01QY,Sediment,6.07,1.34,18.67,4.12,N/A
N/A,EC_038_SIR-D3,10.58052/IEWDR01QY,Sediment,6.05,1.59,19.09,5.02,N/A
N/A,EC_038_SIR-D4,10.58052/IEWDR01QY,Sediment,5.6,1.8,17.17,5.52,N/A
N/A,EC_038_SIR-D5,10.58052/IEWDR01QY,Sediment,5.83,1.27,18.27,3.98,N/A
N/A,EC_038_SIR-W1,10.58052/IEWDR01QY,Sediment,4.81,0.66,14.79,2.03,N/A
N/A,EC_038_SIR-W2,10.58052/IEWDR01QY,Sediment,4.38,0.59,13.73,1.85,N/A
N/A,EC_038_SIR-W3,10.58052/IEWDR01QY,Sediment,3.56,0.48,11.06,1.49,N/A
N/A,EC_038_SIR-W4,10.58052/IEWDR01QY,Sediment,4.88,0.66,15.29,2.07,N/A
N/A,EC_038_SIR-W5,10.58052/IEWDR01QY,Sediment,4.36,0.63,13.58,1.96,N/A
N/A,EC_039_SIR-D1,10.58052/IEWDR01QZ,Sediment,4.05,1.53,13.26,5.01,N/A
N/A,EC_039_SIR-D2,10.58052/IEWDR01QZ,Sediment,3.92,1.48,12.95,4.89,N/A
N/A,EC_039_SIR-D3,10.58052/IEWDR01QZ,Sediment,3.84,1.08,12.57,3.53,N/A
N/A,EC_039_SIR-D4,10.58052/IEWDR01QZ,Sediment,3.82,1.44,11.91,4.49,N/A
N/A,EC_039_SIR-D5,10.58052/IEWDR01QZ,Sediment,3.92,1.08,12.84,3.54,N/A
N/A,EC_039_SIR-W1,10.58052/IEWDR01QZ,Sediment,4.14,0.49,13.41,1.59,N/A
N/A,EC_039_SIR-W2,10.58052/IEWDR01QZ,Sediment,3.84,0.48,12.68,1.59,N/A
N/A,EC_039_SIR-W3,10.58052/IEWDR01QZ,Sediment,3.68,0.47,12.08,1.54,N/A
N/A,EC_039_SIR-W4,10.58052/IEWDR01QZ,Sediment,3.75,0.52,12.23,1.7,N/A
N/A,EC_039_SIR-W5,10.58052/IEWDR01QZ,Sediment,3.22,0.38,10.5,1.24,N/A
N/A,EC_040_SIR-D1,10.58052/IEWDR01R0,Sediment,3.75,1.41,13.61,5.12,TNRERUN_004
N/A,EC_040_SIR-D2,10.58052/IEWDR01R0,Sediment,3.54,0.91,12.88,3.31,N/A
N/A,EC_040_SIR-D3,10.58052/IEWDR01R0,Sediment,3.14,1.38,11.44,5.03,TNRERUN_004
N/A,EC_040_SIR-D4,10.58052/IEWDR01R0,Sediment,3.56,0.83,12.94,3.02,N/A
N/A,EC_040_SIR-D5,10.58052/IEWDR01R0,Sediment,2.5,0.5,9.24,1.85,TNRERUN_004
N/A,EC_040_SIR-W1,10.58052/IEWDR01R0,Sediment,3.63,0.93,13.41,3.44,N/A
N/A,EC_040_SIR-W2,10.58052/IEWDR01R0,Sediment,7.61,1.91,27.8,6.98,NPOCRERUN_005; TNRERUN_004
N/A,EC_040_SIR-W3,10.58052/IEWDR01R0,Sediment,4.03,0.97,14.85,3.58,N/A
N/A,EC_040_SIR-W4,10.58052/IEWDR01R0,Sediment,4.42,1.08,16.32,3.99,N/A
N/A,EC_040_SIR-W5,10.58052/IEWDR01R0,Sediment,3.49,0.99,12.81,3.63,N/A
N/A,EC_041_SIR-D1,10.58052/IEWDR01R1,Sediment,2.93,1,10.94,3.73,N/A
N/A,EC_041_SIR-D2,10.58052/IEWDR01R1,Sediment,2.93,1.29,10.88,4.79,N/A
N/A,EC_041_SIR-D3,10.58052/IEWDR01R1,Sediment,2.77,0.92,10.31,3.42,N/A
N/A,EC_041_SIR-D4,10.58052/IEWDR01R1,Sediment,2.88,1.31,10.77,4.9,N/A
N/A,EC_041_SIR-D5,10.58052/IEWDR01R1,Sediment,2.62,1.02,9.78,3.81,N/A
N/A,EC_041_SIR-W1,10.58052/IEWDR01R1,Sediment,2.82,0.82,10.49,3.05,N/A
N/A,EC_041_SIR-W2,10.58052/IEWDR01R1,Sediment,2.87,0.78,10.67,2.9,N/A
N/A,EC_041_SIR-W3,10.58052/IEWDR01R1,Sediment,2.64,0.79,9.85,2.95,N/A
N/A,EC_041_SIR-W4,10.58052/IEWDR01R1,Sediment,3.19,0.88,11.88,3.28,N/A
N/A,EC_041_SIR-W5,10.58052/IEWDR01R1,Sediment,2.68,0.73,9.97,2.72,N/A
N/A,EC_042_SIR-D1,10.58052/IEWDR01R2,Sediment,2.03,2.73,7.11,9.56,N/A
N/A,EC_042_SIR-D2,10.58052/IEWDR01R2,Sediment,1.84,1,6.47,3.52,TNRERUN_004
N/A,EC_042_SIR-D3,10.58052/IEWDR01R2,Sediment,1.88,2.17,6.64,7.66,N/A
N/A,EC_042_SIR-D4,10.58052/IEWDR01R2,Sediment,1.92,2.11,6.77,7.44,N/A
N/A,EC_042_SIR-D5,10.58052/IEWDR01R2,Sediment,1.89,1.32,6.66,4.65,N/A
N/A,EC_042_SIR-W1,10.58052/IEWDR01R2,Sediment,1.93,0.59,6.78,2.07,N/A
N/A,EC_042_SIR-W2,10.58052/IEWDR01R2,Sediment,1.87,0.6,6.55,2.1,N/A
N/A,EC_042_SIR-W3,10.58052/IEWDR01R2,Sediment,1.85,0.61,6.53,2.15,N/A
N/A,EC_042_SIR-W4,10.58052/IEWDR01R2,Sediment,1.89,0.62,6.62,2.17,N/A
N/A,EC_042_SIR-W5,10.58052/IEWDR01R2,Sediment,1.95,0.57,6.84,2,N/A
N/A,EC_044_SIR-D1,10.58052/IEWDR01V0,Sediment,4.2,2.1,12.86,6.43,N/A
N/A,EC_044_SIR-D2,10.58052/IEWDR01V0,Sediment,3.68,1.81,11.28,5.55,N/A
N/A,EC_044_SIR-D3,10.58052/IEWDR01V0,Sediment,3.13,1.6,9.55,4.88,N/A
N/A,EC_044_SIR-D4,10.58052/IEWDR01V0,Sediment,2.09,1.91,6.35,5.8,NPOCRERUN_005
N/A,EC_044_SIR-D5,10.58052/IEWDR01V0,Sediment,1.72,2.17,5.24,6.61,NPOCRERUN_005
N/A,EC_044_SIR-W1,10.58052/IEWDR01V0,Sediment,4.21,0.5,12.8,1.52,N/A
N/A,EC_044_SIR-W2,10.58052/IEWDR01V0,Sediment,4.71,0.59,14.41,1.81,N/A
N/A,EC_044_SIR-W3,10.58052/IEWDR01V0,Sediment,3.64,0.46,11.14,1.41,N/A
N/A,EC_044_SIR-W4,10.58052/IEWDR01V0,Sediment,4.1,0.53,12.5,1.62,N/A
N/A,EC_044_SIR-W5,10.58052/IEWDR01V0,Sediment,4.63,0.58,14.16,1.77,N/A
N/A,EC_051_SIR-D1,10.58052/IEWDR01VC,Sediment,1.53,0.69,5.28,2.38,N/A
N/A,EC_051_SIR-D2,10.58052/IEWDR01VC,Sediment,1.44,1.01,4.98,3.49,N/A
N/A,EC_051_SIR-D3,10.58052/IEWDR01VC,Sediment,1.46,0.99,5.06,3.43,N/A
N/A,EC_051_SIR-D4,10.58052/IEWDR01VC,Sediment,1.65,0.77,5.7,2.66,N/A
N/A,EC_051_SIR-D5,10.58052/IEWDR01VC,Sediment,1.45,0.76,5.02,2.63,N/A
N/A,EC_051_SIR-W1,10.58052/IEWDR01VC,Sediment,1.66,0.2,5.74,0.69,N/A
N/A,EC_051_SIR-W2,10.58052/IEWDR01VC,Sediment,1.59,0.19,5.49,0.66,N/A
N/A,EC_051_SIR-W3,10.58052/IEWDR01VC,Sediment,1.95,0.23,6.77,0.8,N/A
N/A,EC_051_SIR-W4,10.58052/IEWDR01VC,Sediment,1.61,0.21,5.56,0.73,N/A
N/A,EC_051_SIR-W5,10.58052/IEWDR01VC,Sediment,1.47,0.19,5.08,0.66,N/A
N/A,EC_052_SIR-D1,10.58052/IEWDR01VF,Sediment,2.61,0.23,11.03,0.97,N/A
N/A,EC_052_SIR-D2,10.58052/IEWDR01VF,Sediment,2.52,0.41,10.63,1.73,N/A
N/A,EC_052_SIR-D3,10.58052/IEWDR01VF,Sediment,2.72,0.26,11.51,1.1,N/A
N/A,EC_052_SIR-D4,10.58052/IEWDR01VF,Sediment,2.23,0.3,9.45,1.27,N/A
N/A,EC_052_SIR-D5,10.58052/IEWDR01VF,Sediment,2.46,0.24,10.46,1.02,N/A
N/A,EC_052_SIR-W1,10.58052/IEWDR01VF,Sediment,2.5,0.25,10.6,1.06,N/A
N/A,EC_052_SIR-W2,10.58052/IEWDR01VF,Sediment,2.45,0.22,10.4,0.93,N/A
N/A,EC_052_SIR-W3,10.58052/IEWDR01VF,Sediment,2.51,0.25,10.61,1.06,N/A
N/A,EC_052_SIR-W4,10.58052/IEWDR01VF,Sediment,2.6,0.25,11.04,1.06,N/A
N/A,EC_052_SIR-W5,10.58052/IEWDR01VF,Sediment,2.56,0.31,10.81,1.31,N/A
N/A,EC_053_SIR-D1,10.58052/IEWDR01ZK,Sediment,1.35,0.19,4.99,0.7,TNRERUN_004
N/A,EC_053_SIR-D2,10.58052/IEWDR01ZK,Sediment,1.03,0.54,3.83,2.01,N/A
N/A,EC_053_SIR-D3,10.58052/IEWDR01ZK,Sediment,1.14,0.6,4.11,2.16,N/A
N/A,EC_053_SIR-D4,10.58052/IEWDR01ZK,Sediment,1.06,0.51,3.96,1.91,N/A
N/A,EC_053_SIR-D5,10.58052/IEWDR01ZK,Sediment,0.75,0.3,2.83,1.13,N/A
N/A,EC_053_SIR-W1,10.58052/IEWDR01ZK,Sediment,1.24,0.2,4.6,0.74,N/A
N/A,EC_053_SIR-W2,10.58052/IEWDR01ZK,Sediment,1.1,0.16,4.1,0.6,N/A
N/A,EC_053_SIR-W3,10.58052/IEWDR01ZK,Sediment,1.18,0.17,4.4,0.63,N/A
N/A,EC_053_SIR-W4,10.58052/IEWDR01ZK,Sediment,1.23,0.19,4.55,0.7,N/A
N/A,EC_053_SIR-W5,10.58052/IEWDR01ZK,Sediment,1.24,0.16,4.51,0.58,N/A
N/A,EC_056_SIR-D1,10.58052/IEWDR01VI,Sediment,3.05,0.33,8.93,0.97,N/A
N/A,EC_056_SIR-D2,10.58052/IEWDR01VI,Sediment,2.88,0.3,8.38,0.87,N/A
N/A,EC_056_SIR-D3,10.58052/IEWDR01VI,Sediment,2.87,0.26,8.42,0.76,N/A
N/A,EC_056_SIR-D4,10.58052/IEWDR01VI,Sediment,2.72,0.27,7.97,0.79,N/A
N/A,EC_056_SIR-D5,10.58052/IEWDR01VI,Sediment,2.55,0.28,7.42,0.81,N/A
N/A,EC_056_SIR-W1,10.58052/IEWDR01VI,Sediment,2.48,0.28,7.29,0.82,N/A
N/A,EC_056_SIR-W2,10.58052/IEWDR01VI,Sediment,2.34,0.27,6.88,0.79,N/A
N/A,EC_056_SIR-W3,10.58052/IEWDR01VI,Sediment,2.4,0.29,7.04,0.85,N/A
N/A,EC_056_SIR-W4,10.58052/IEWDR01VI,Sediment,2.55,0.26,7.5,0.76,VB_OCN_004
N/A,EC_056_SIR-W5,10.58052/IEWDR01VI,Sediment,2.42,0.22,7.12,0.65,N/A
N/A,EC_057_SIR-D1,10.58052/IEWDR01VL,Sediment,1.75,0.32,5.11,0.93,N/A
N/A,EC_057_SIR-D2,10.58052/IEWDR01VL,Sediment,1.79,0.29,5.22,0.85,N/A
N/A,EC_057_SIR-D3,10.58052/IEWDR01VL,Sediment,1.62,0.29,4.77,0.85,N/A
N/A,EC_057_SIR-D4,10.58052/IEWDR01VL,Sediment,1.73,0.29,5.07,0.85,N/A
N/A,EC_057_SIR-D5,10.58052/IEWDR01VL,Sediment,1.61,0.27,4.71,0.79,N/A
N/A,EC_057_SIR-W1,10.58052/IEWDR01VL,Sediment,1.66,0.25,4.84,0.73,N/A
N/A,EC_057_SIR-W2,10.58052/IEWDR01VL,Sediment,1.52,0.23,4.44,0.67,N/A
N/A,EC_057_SIR-W3,10.58052/IEWDR01VL,Sediment,1.5,0.31,4.39,0.91,N/A
N/A,EC_057_SIR-W4,10.58052/IEWDR01VL,Sediment,1.59,0.29,4.65,0.85,N/A
N/A,EC_057_SIR-W5,10.58052/IEWDR01VL,Sediment,1.67,0.24,4.89,0.7,N/A
N/A,EC_063_SIR-D1,10.58052/IEWDR01R4,Sediment,8.63,1.29,25.96,3.88,N/A
N/A,EC_063_SIR-D2,10.58052/IEWDR01R4,Sediment,8,1.08,24.21,3.27,N/A
N/A,EC_063_SIR-D3,10.58052/IEWDR01R4,Sediment,7.75,1.13,23.3,3.4,N/A
N/A,EC_063_SIR-D4,10.58052/IEWDR01R4,Sediment,8.48,1.12,25.72,3.4,N/A
N/A,EC_063_SIR-D5,10.58052/IEWDR01R4,Sediment,7.94,1.19,23.93,3.59,N/A
N/A,EC_063_SIR-W1,10.58052/IEWDR01R4,Sediment,9.87,0.61,29.97,1.85,N/A
N/A,EC_063_SIR-W2,10.58052/IEWDR01R4,Sediment,9.73,0.58,29.32,1.75,N/A
N/A,EC_063_SIR-W3,10.58052/IEWDR01R4,Sediment,10.56,0.67,31.9,2.02,N/A
N/A,EC_063_SIR-W4,10.58052/IEWDR01R4,Sediment,9.38,0.6,28.46,1.82,N/A
N/A,EC_063_SIR-W5,10.58052/IEWDR01R4,Sediment,9.72,0.62,29.32,1.87,N/A
N/A,EC_064_SIR-D1,10.58052/IEWDR01VR,Sediment,3.4,1.3,20.2,7.72,N/A
N/A,EC_064_SIR-D2,10.58052/IEWDR01VR,Sediment,2.74,1.31,16.28,7.78,N/A
N/A,EC_064_SIR-D3,10.58052/IEWDR01VR,Sediment,2.85,1.46,16.94,8.68,N/A
N/A,EC_064_SIR-D4,10.58052/IEWDR01VR,Sediment,2.75,1.74,16.34,10.34,N/A
N/A,EC_064_SIR-D5,10.58052/IEWDR01VR,Sediment,2.8,1.15,16.66,6.84,N/A
N/A,EC_064_SIR-W1,10.58052/IEWDR01VR,Sediment,3.31,0.87,19.64,5.16,N/A
N/A,EC_064_SIR-W2,10.58052/IEWDR01VR,Sediment,3.15,0.86,18.72,5.11,N/A
N/A,EC_064_SIR-W3,10.58052/IEWDR01VR,Sediment,3.28,0.84,19.51,5,N/A
N/A,EC_064_SIR-W4,10.58052/IEWDR01VR,Sediment,3.14,0.84,18.66,4.99,N/A
N/A,EC_064_SIR-W5,10.58052/IEWDR01VR,Sediment,3.27,0.9,19.43,5.35,N/A
N/A,EC_065_SIR-D1,10.58052/IEWDR01ZQ,Sediment,1.81,0.22,6.22,0.76,N/A
N/A,EC_065_SIR-D2,10.58052/IEWDR01ZQ,Sediment,1.61,0.19,5.47,0.65,N/A
N/A,EC_065_SIR-D3,10.58052/IEWDR01ZQ,Sediment,1.64,0.2,5.53,0.67,N/A
N/A,EC_065_SIR-D4,10.58052/IEWDR01ZQ,Sediment,2.53,0.41,8.61,1.39,TNRERUN_004
N/A,EC_065_SIR-D5,10.58052/IEWDR01ZQ,Sediment,1.73,0.18,5.93,0.62,N/A
N/A,EC_065_SIR-W1,10.58052/IEWDR01ZQ,Sediment,1.57,0.22,5.41,0.76,N/A
N/A,EC_065_SIR-W2,10.58052/IEWDR01ZQ,Sediment,1.73,0.21,5.87,0.71,N/A
N/A,EC_065_SIR-W3,10.58052/IEWDR01ZQ,Sediment,1.68,0.21,5.82,0.73,N/A
N/A,EC_065_SIR-W4,10.58052/IEWDR01ZQ,Sediment,1.6,0.19,5.54,0.66,N/A
N/A,EC_065_SIR-W5,10.58052/IEWDR01ZQ,Sediment,1.89,0.21,6.5,0.72,N/A
N/A,EC_066_SIR-D1,10.58052/IEWDR01VU,Sediment,26.97,1.07,86.63,3.44,N/A
N/A,EC_066_SIR-D2,10.58052/IEWDR01VU,Sediment,20.75,0.72,66.65,2.31,N/A
N/A,EC_066_SIR-D3,10.58052/IEWDR01VU,Sediment,18.57,0.67,59.18,2.14,N/A
N/A,EC_066_SIR-D4,10.58052/IEWDR01VU,Sediment,23.51,0.8,75.03,2.55,VB_OCN_004
N/A,EC_066_SIR-D5,10.58052/IEWDR01VU,Sediment,26.78,1.01,85.66,3.23,N/A
N/A,EC_066_SIR-W1,10.58052/IEWDR01VU,Sediment,25.45,0.74,81.4,2.37,N/A
N/A,EC_066_SIR-W2,10.58052/IEWDR01VU,Sediment,22.85,0.69,73.44,2.22,VB_OCN_004
N/A,EC_066_SIR-W3,10.58052/IEWDR01VU,Sediment,13.52,0.42,43.3,1.35,N/A
N/A,EC_066_SIR-W4,10.58052/IEWDR01VU,Sediment,25.42,0.75,81.24,2.4,N/A
N/A,EC_066_SIR-W5,10.58052/IEWDR01VU,Sediment,25.18,0.7,80.42,2.24,N/A
N/A,EC_068_SIR-D1,10.58052/IEWDR01VX,Sediment,7.14,1.35,45.29,8.56,N/A
N/A,EC_068_SIR-D2,10.58052/IEWDR01VX,Sediment,7.31,1.65,46.37,10.47,N/A
N/A,EC_068_SIR-D3,10.58052/IEWDR01VX,Sediment,7.45,1.3,46.96,8.19,N/A
N/A,EC_068_SIR-D4,10.58052/IEWDR01VX,Sediment,5.04,0.91,31.68,5.72,N/A
N/A,EC_068_SIR-D5,10.58052/IEWDR01VX,Sediment,5.64,0.99,35.46,6.22,N/A
N/A,EC_068_SIR-W1,10.58052/IEWDR01VX,Sediment,7.84,1.47,49.48,9.28,N/A
N/A,EC_068_SIR-W2,10.58052/IEWDR01VX,Sediment,5.36,1.04,33.78,6.56,N/A
N/A,EC_068_SIR-W3,10.58052/IEWDR01VX,Sediment,8.06,1.78,51,11.26,N/A
N/A,EC_068_SIR-W4,10.58052/IEWDR01VX,Sediment,7.94,1.42,50.25,8.99,N/A
N/A,EC_068_SIR-W5,10.58052/IEWDR01VX,Sediment,7.61,1.37,48.16,8.67,N/A
N/A,EC_069_SIR-D1,10.58052/IEWDR01W0,Sediment,3.5,3.04,11.17,9.7,TNRERUN_004
N/A,EC_069_SIR-D2,10.58052/IEWDR01W0,Sediment,4.14,5.73,13.22,18.3,TNRERUN_003; VI_ALL_007
N/A,EC_069_SIR-D3,10.58052/IEWDR01W0,Sediment,3.81,5.73,12.14,18.26,TNRERUN_003
N/A,EC_069_SIR-D4,10.58052/IEWDR01W0,Sediment,3.94,4.4,12.54,14.01,TNRERUN_003
N/A,EC_069_SIR-D5,10.58052/IEWDR01W0,Sediment,3.63,3.37,11.52,10.69,TNRERUN_003
N/A,EC_069_SIR-W1,10.58052/IEWDR01W0,Sediment,4.15,1,13.14,3.17,N/A
N/A,EC_069_SIR-W2,10.58052/IEWDR01W0,Sediment,4.2,1.07,13.3,3.39,N/A
N/A,EC_069_SIR-W3,10.58052/IEWDR01W0,Sediment,3.94,1.19,12.52,3.78,N/A
N/A,EC_069_SIR-W4,10.58052/IEWDR01W0,Sediment,4.24,1.09,13.54,3.48,N/A
N/A,EC_069_SIR-W5,10.58052/IEWDR01W0,Sediment,3.89,1.2,12.41,3.83,N/A
N/A,EC_070_SIR-D1,10.58052/IEWDR01W3,Sediment,2.64,0.59,9.18,2.05,N/A
N/A,EC_070_SIR-D2,10.58052/IEWDR01W3,Sediment,2.53,0.68,8.78,2.36,N/A
N/A,EC_070_SIR-D3,10.58052/IEWDR01W3,Sediment,2.56,0.72,8.89,2.5,N/A
N/A,EC_070_SIR-D4,10.58052/IEWDR01W3,Sediment,2.57,0.62,8.93,2.16,N/A
N/A,EC_070_SIR-D5,10.58052/IEWDR01W3,Sediment,2.5,1.45,8.65,5.02,TNRERUN_004
N/A,EC_070_SIR-W1,10.58052/IEWDR01W3,Sediment,2.96,0.57,10.33,1.99,VB_OCN_004
N/A,EC_070_SIR-W2,10.58052/IEWDR01W3,Sediment,2.89,0.57,10.08,1.99,N/A
N/A,EC_070_SIR-W3,10.58052/IEWDR01W3,Sediment,2.3,0.41,8,1.43,VB_OCN_004
N/A,EC_070_SIR-W4,10.58052/IEWDR01W3,Sediment,2.95,0.5,10.27,1.74,N/A
N/A,EC_070_SIR-W5,10.58052/IEWDR01W3,Sediment,2.92,0.59,10.17,2.05,N/A
N/A,EC_071_SIR-D1,10.58052/IEWDR01W6,Sediment,5.78,6.38,29.23,32.27,TNRERUN_003; VI_ALL_006
N/A,EC_071_SIR-D2,10.58052/IEWDR01W6,Sediment,6.17,4.87,31.14,24.58,TNRERUN_003; VI_ALL_006
N/A,EC_071_SIR-D3,10.58052/IEWDR01W6,Sediment,5.86,14.42,29.52,72.63,TNRERUN_003; VI_ALL_006
N/A,EC_071_SIR-D4,10.58052/IEWDR01W6,Sediment,6.52,4.98,33.01,25.21,TNRERUN_003; VI_ALL_006
N/A,EC_071_SIR-D5,10.58052/IEWDR01W6,Sediment,4.86,7.22,24.63,36.59,TNRERUN_003; VI_ALL_006
N/A,EC_071_SIR-W1,10.58052/IEWDR01W6,Sediment,5.93,7.11,29.93,35.89,TNRERUN_003; VI_ALL_006
N/A,EC_071_SIR-W2,10.58052/IEWDR01W6,Sediment,6.03,8.82,30.46,44.56,TNRERUN_003; VI_ALL_006
N/A,EC_071_SIR-W3,10.58052/IEWDR01W6,Sediment,5.15,7.88,25.99,39.77,TNRERUN_003; VI_ALL_006
N/A,EC_071_SIR-W4,10.58052/IEWDR01W6,Sediment,5.34,6.91,27.01,34.95,TNRERUN_003; VI_ALL_006
N/A,EC_071_SIR-W5,10.58052/IEWDR01W6,Sediment,5.67,7.43,28.62,37.5,TNRERUN_003; VI_ALL_006
N/A,EC_072_SIR-D1,10.58052/IEWDR01W9,Sediment,8.23,1.64,41.5,8.27,N/A
N/A,EC_072_SIR-D2,10.58052/IEWDR01W9,Sediment,8.15,2.07,41.18,10.46,N/A
N/A,EC_072_SIR-D3,10.58052/IEWDR01W9,Sediment,8.64,2.08,43.61,10.5,N/A
N/A,EC_072_SIR-D4,10.58052/IEWDR01W9,Sediment,8.43,2.17,42.23,10.87,N/A
N/A,EC_072_SIR-D5,10.58052/IEWDR01W9,Sediment,-9999,-9999,-9999,-9999,INC_Method_001 
N/A,EC_072_SIR-W1,10.58052/IEWDR01W9,Sediment,8.24,2.93,41.72,14.84,N/A
N/A,EC_072_SIR-W2,10.58052/IEWDR01W9,Sediment,7.99,2.52,40.51,12.78,N/A
N/A,EC_072_SIR-W3,10.58052/IEWDR01W9,Sediment,8.39,2.1,42.4,10.61,N/A
N/A,EC_072_SIR-W4,10.58052/IEWDR01W9,Sediment,9.01,2.47,45.58,12.49,N/A
N/A,EC_072_SIR-W5,10.58052/IEWDR01W9,Sediment,-9999,-9999,-9999,-9999,INC_Method_001 
N/A,EC_073_SIR-D1,10.58052/IEWDR01WC,Sediment,2.35,1.06,11.43,5.15,N/A
N/A,EC_073_SIR-D2,10.58052/IEWDR01WC,Sediment,2.28,1.13,11.04,5.47,N/A
N/A,EC_073_SIR-D3,10.58052/IEWDR01WC,Sediment,2.46,1.42,11.91,6.88,N/A
N/A,EC_073_SIR-D4,10.58052/IEWDR01WC,Sediment,2.7,1.45,13.07,7.02,N/A
N/A,EC_073_SIR-D5,10.58052/IEWDR01WC,Sediment,2.46,1.23,11.94,5.97,N/A
N/A,EC_073_SIR-W1,10.58052/IEWDR01WC,Sediment,2.43,0.53,11.79,2.57,N/A
N/A,EC_073_SIR-W2,10.58052/IEWDR01WC,Sediment,2.52,0.51,12.2,2.47,N/A
N/A,EC_073_SIR-W3,10.58052/IEWDR01WC,Sediment,2.46,0.52,11.97,2.53,N/A
N/A,EC_073_SIR-W4,10.58052/IEWDR01WC,Sediment,2.52,0.5,12.24,2.43,N/A
N/A,EC_073_SIR-W5,10.58052/IEWDR01WC,Sediment,2.55,0.55,12.37,2.67,N/A
N/A,EC_074_SIR-D1,10.58052/IEWDR01WF,Sediment,1.88,3.34,5.65,10.03,TNRERUN_003
N/A,EC_074_SIR-D2,10.58052/IEWDR01WF,Sediment,1.71,2.02,5.14,6.07,N/A
N/A,EC_074_SIR-D3,10.58052/IEWDR01WF,Sediment,1.9,2.99,5.72,9,N/A
N/A,EC_074_SIR-D4,10.58052/IEWDR01WF,Sediment,1.95,2.84,5.85,8.53,N/A
N/A,EC_074_SIR-D5,10.58052/IEWDR01WF,Sediment,2.01,2.68,6.03,8.04,N/A
N/A,EC_074_SIR-W1,10.58052/IEWDR01WF,Sediment,1.76,0.61,5.27,1.82,N/A
N/A,EC_074_SIR-W2,10.58052/IEWDR01WF,Sediment,1.98,1.53,5.94,4.59,TNRERUN_004
N/A,EC_074_SIR-W3,10.58052/IEWDR01WF,Sediment,1.93,0.91,5.79,2.73,N/A
N/A,EC_074_SIR-W4,10.58052/IEWDR01WF,Sediment,2.13,0.58,6.38,1.74,N/A
N/A,EC_074_SIR-W5,10.58052/IEWDR01WF,Sediment,2.07,1.46,6.21,4.38,TNRERUN_004
N/A,EC_075_SIR-D1,10.58052/IEWDR01WI,Sediment,18.05,1.49,62.71,5.18,N/A
N/A,EC_075_SIR-D2,10.58052/IEWDR01WI,Sediment,17.94,1.3,62.38,4.52,N/A
N/A,EC_075_SIR-D3,10.58052/IEWDR01WI,Sediment,17.53,1.27,60.67,4.4,N/A
N/A,EC_075_SIR-D4,10.58052/IEWDR01WI,Sediment,17.99,1.5,62.55,5.22,N/A
N/A,EC_075_SIR-D5,10.58052/IEWDR01WI,Sediment,17.46,1.34,60.33,4.63,N/A
N/A,EC_075_SIR-W1,10.58052/IEWDR01WI,Sediment,12.28,0.83,42.54,2.88,N/A
N/A,EC_075_SIR-W2,10.58052/IEWDR01WI,Sediment,16.06,1.23,55.76,4.27,N/A
N/A,EC_075_SIR-W3,10.58052/IEWDR01WI,Sediment,14.46,1.1,50.17,3.82,N/A
N/A,EC_075_SIR-W4,10.58052/IEWDR01WI,Sediment,15.84,1.08,55.12,3.76,N/A
N/A,EC_075_SIR-W5,10.58052/IEWDR01WI,Sediment,14.61,1.06,50.45,3.66,N/A
N/A,EC_076_SIR-D1,10.58052/IEWDR01WL,Sediment,7.63,3.87,24.74,12.55,TNRERUN_003
N/A,EC_076_SIR-D2,10.58052/IEWDR01WL,Sediment,6.34,3.51,20.77,11.5,TNRERUN_003
N/A,EC_076_SIR-D3,10.58052/IEWDR01WL,Sediment,6.58,4.71,21.6,15.46,TNRERUN_003
N/A,EC_076_SIR-D4,10.58052/IEWDR01WL,Sediment,6.7,3.4,21.83,11.08,TNRERUN_003
N/A,EC_076_SIR-D5,10.58052/IEWDR01WL,Sediment,6.75,3.43,22.08,11.22,TNRERUN_003
N/A,EC_076_SIR-W1,10.58052/IEWDR01WL,Sediment,7.15,2.27,23.66,7.51,N/A
N/A,EC_076_SIR-W2,10.58052/IEWDR01WL,Sediment,6.51,1.86,21.11,6.03,N/A
N/A,EC_076_SIR-W3,10.58052/IEWDR01WL,Sediment,7.27,2.03,23.69,6.62,N/A
N/A,EC_076_SIR-W4,10.58052/IEWDR01WL,Sediment,5.51,1.49,18.05,4.88,N/A
N/A,EC_076_SIR-W5,10.58052/IEWDR01WL,Sediment,7.1,2.02,23.12,6.58,N/A
N/A,EC_078_SIR-D1,10.58052/IEWDR01WR,Sediment,3.16,2.86,13.82,12.51,N/A
N/A,EC_078_SIR-D2,10.58052/IEWDR01WR,Sediment,3,2.65,12.95,11.44,N/A
N/A,EC_078_SIR-D3,10.58052/IEWDR01WR,Sediment,3.45,3.53,14.94,15.28,TNRERUN_003
N/A,EC_078_SIR-D4,10.58052/IEWDR01WR,Sediment,4,3.36,17.18,14.43,TNRERUN_003
N/A,EC_078_SIR-D5,10.58052/IEWDR01WR,Sediment,3.14,3.39,13.69,14.78,TNRERUN_003
N/A,EC_078_SIR-W1,10.58052/IEWDR01WR,Sediment,3.48,2.18,15.25,9.55,N/A
N/A,EC_078_SIR-W2,10.58052/IEWDR01WR,Sediment,3.48,2.39,15.08,10.36,N/A
N/A,EC_078_SIR-W3,10.58052/IEWDR01WR,Sediment,3.44,2.12,14.83,9.14,N/A
N/A,EC_078_SIR-W4,10.58052/IEWDR01WR,Sediment,3.71,2.19,16.08,9.49,N/A
N/A,EC_078_SIR-W5,10.58052/IEWDR01WR,Sediment,3.26,2.23,14.13,9.66,N/A
N/A,EC_080_SIR-D1,10.58052/IEWDR01WX,Sediment,10.34,1.01,131.37,12.83,N/A
N/A,EC_080_SIR-D2,10.58052/IEWDR01WX,Sediment,11.35,1.19,144.9,15.19,N/A
N/A,EC_080_SIR-D3,10.58052/IEWDR01WX,Sediment,10.58,1.03,134.1,13.06,N/A
N/A,EC_080_SIR-D4,10.58052/IEWDR01WX,Sediment,10.45,1.04,132.76,13.21,N/A
N/A,EC_080_SIR-D5,10.58052/IEWDR01WX,Sediment,11.28,1.18,142.98,14.96,N/A
N/A,EC_080_SIR-W1,10.58052/IEWDR01WX,Sediment,10.71,1.19,136.73,15.19,N/A
N/A,EC_080_SIR-W2,10.58052/IEWDR01WX,Sediment,10.84,1.29,138.06,16.43,N/A
N/A,EC_080_SIR-W3,10.58052/IEWDR01WX,Sediment,11.46,1.35,146.3,17.23,N/A
N/A,EC_080_SIR-W4,10.58052/IEWDR01WX,Sediment,10.31,1.1,131.31,14.01,N/A
N/A,EC_080_SIR-W5,10.58052/IEWDR01WX,Sediment,10.52,1.14,133.99,14.52,N/A
N/A,EC_081_SIR-D1,10.58052/IEWDR01X0,Sediment,3.13,0.32,10.64,1.09,TNRERUN_004
N/A,EC_081_SIR-D2,10.58052/IEWDR01X0,Sediment,5.93,1.11,19.96,3.74,TNRERUN_004
N/A,EC_081_SIR-D3,10.58052/IEWDR01X0,Sediment,5.7,0.6,19.58,2.06,TNRERUN_004
N/A,EC_081_SIR-D4,10.58052/IEWDR01X0,Sediment,5.81,1.06,19.96,3.64,TNRERUN_004
N/A,EC_081_SIR-D5,10.58052/IEWDR01X0,Sediment,5.39,0.55,18.42,1.88,TNRERUN_004
N/A,EC_081_SIR-W1,10.58052/IEWDR01X0,Sediment,5.51,0.66,18.97,2.27,N/A
N/A,EC_081_SIR-W2,10.58052/IEWDR01X0,Sediment,5.73,0.64,20.29,2.27,N/A
N/A,EC_081_SIR-W3,10.58052/IEWDR01X0,Sediment,5.68,0.62,19.91,2.17,N/A
N/A,EC_081_SIR-W4,10.58052/IEWDR01X0,Sediment,5.35,0.72,18.08,2.43,N/A
N/A,EC_081_SIR-W5,10.58052/IEWDR01X0,Sediment,5.2,0.63,17.6,2.13,N/A
N/A,EC_082_SIR-D1,10.58052/IEWDR01X3,Sediment,7.58,0.67,25.07,2.22,N/A
N/A,EC_082_SIR-D2,10.58052/IEWDR01X3,Sediment,7.57,0.67,25.54,2.26,N/A
N/A,EC_082_SIR-D3,10.58052/IEWDR01X3,Sediment,7.69,0.68,26.24,2.32,N/A
N/A,EC_082_SIR-D4,10.58052/IEWDR01X3,Sediment,7.41,0.78,24.13,2.54,N/A
N/A,EC_082_SIR-D5,10.58052/IEWDR01X3,Sediment,7.66,1,26.12,3.41,N/A
N/A,EC_082_SIR-W1,10.58052/IEWDR01X3,Sediment,5.46,0.55,18.6,1.87,VB_OCN_004
N/A,EC_082_SIR-W2,10.58052/IEWDR01X3,Sediment,6.44,0.66,22.11,2.27,N/A
N/A,EC_082_SIR-W3,10.58052/IEWDR01X3,Sediment,6.6,0.69,22.19,2.32,N/A
N/A,EC_082_SIR-W4,10.58052/IEWDR01X3,Sediment,6.78,0.66,22.56,2.2,N/A
N/A,EC_082_SIR-W5,10.58052/IEWDR01X3,Sediment,6.2,0.56,21.25,1.92,VB_OCN_004
N/A,EC_084_SIR-D1,10.58052/IEWDR01X6,Sediment,5.29,1,19.17,3.62,N/A
N/A,EC_084_SIR-D2,10.58052/IEWDR01X6,Sediment,4.52,1,16.3,3.61,VB_OCN_004
N/A,EC_084_SIR-D3,10.58052/IEWDR01X6,Sediment,4.4,1.03,15.89,3.72,N/A
N/A,EC_084_SIR-D4,10.58052/IEWDR01X6,Sediment,3.53,1.06,12.76,3.83,N/A
N/A,EC_084_SIR-D5,10.58052/IEWDR01X6,Sediment,3.95,0.8,14.31,2.9,N/A
N/A,EC_084_SIR-W1,10.58052/IEWDR01X6,Sediment,9.56,1.22,34.67,4.42,NPOCRERUN_005
N/A,EC_084_SIR-W2,10.58052/IEWDR01X6,Sediment,4.23,0.75,15.3,2.71,N/A
N/A,EC_084_SIR-W3,10.58052/IEWDR01X6,Sediment,5.5,0.94,19.95,3.41,VB_OCN_004
N/A,EC_084_SIR-W4,10.58052/IEWDR01X6,Sediment,5.99,1,21.76,3.63,N/A
N/A,EC_084_SIR-W5,10.58052/IEWDR01X6,Sediment,6.31,1.09,22.42,3.87,N/A
N/A,EC_085_SIR-D1,10.58052/IEWDR01X9,Sediment,6.23,1.8,21.37,6.17,TNRERUN_004
N/A,EC_085_SIR-D2,10.58052/IEWDR01X9,Sediment,6,0.99,20.54,3.39,N/A
N/A,EC_085_SIR-D3,10.58052/IEWDR01X9,Sediment,6.29,1.41,21.54,4.83,N/A
N/A,EC_085_SIR-D4,10.58052/IEWDR01X9,Sediment,3.94,0.82,13.45,2.8,N/A
N/A,EC_085_SIR-D5,10.58052/IEWDR01X9,Sediment,5.6,1.47,19.1,5.01,N/A
N/A,EC_085_SIR-W1,10.58052/IEWDR01X9,Sediment,6.23,0.71,21.27,2.42,N/A
N/A,EC_085_SIR-W2,10.58052/IEWDR01X9,Sediment,4.02,0.53,13.82,1.82,N/A
N/A,EC_085_SIR-W3,10.58052/IEWDR01X9,Sediment,6.24,0.79,21.26,2.69,N/A
N/A,EC_085_SIR-W4,10.58052/IEWDR01X9,Sediment,6.36,0.74,21.78,2.53,N/A
N/A,EC_085_SIR-W5,10.58052/IEWDR01X9,Sediment,6.42,0.87,21.94,2.97,N/A
N/A,EC_088_SIR-D1,10.58052/IEWDR01XC,Sediment,3.83,4.25,14.41,15.99,TNRERUN_003
N/A,EC_088_SIR-D2,10.58052/IEWDR01XC,Sediment,4.21,2.68,15.84,10.08,N/A
N/A,EC_088_SIR-D3,10.58052/IEWDR01XC,Sediment,5.45,2.22,20.47,8.34,N/A
N/A,EC_088_SIR-D4,10.58052/IEWDR01XC,Sediment,4.69,2.82,17.63,10.6,TNRERUN_003
N/A,EC_088_SIR-D5,10.58052/IEWDR01XC,Sediment,4.21,2.78,15.84,10.46,TNRERUN_003
N/A,EC_088_SIR-W1,10.58052/IEWDR01XC,Sediment,6.08,2.32,22.96,8.76,N/A
N/A,EC_088_SIR-W2,10.58052/IEWDR01XC,Sediment,5.74,2.63,21.56,9.88,N/A
N/A,EC_088_SIR-W3,10.58052/IEWDR01XC,Sediment,6.2,2.12,23.36,7.99,N/A
N/A,EC_088_SIR-W4,10.58052/IEWDR01XC,Sediment,5.95,2.15,22.27,8.05,N/A
N/A,EC_088_SIR-W5,10.58052/IEWDR01XC,Sediment,5.9,2.21,22.21,8.32,N/A
N/A,EC_089_SIR-D1,10.58052/IEWDR01ZU,Sediment,4.82,0.48,15.77,1.57,N/A
N/A,EC_089_SIR-D2,10.58052/IEWDR01ZU,Sediment,4.91,0.4,15.83,1.29,N/A
N/A,EC_089_SIR-D3,10.58052/IEWDR01ZU,Sediment,4.78,0.37,15.42,1.19,VB_OCN_004
N/A,EC_089_SIR-D4,10.58052/IEWDR01ZU,Sediment,5.3,0.85,17.21,2.76,TNRERUN_004
N/A,EC_089_SIR-D5,10.58052/IEWDR01ZU,Sediment,5.58,0.4,18.34,1.31,N/A
N/A,EC_089_SIR-W1,10.58052/IEWDR01ZU,Sediment,6.22,0.45,20.51,1.48,N/A
N/A,EC_089_SIR-W2,10.58052/IEWDR01ZU,Sediment,5.8,0.45,19.14,1.49,N/A
N/A,EC_089_SIR-W3,10.58052/IEWDR01ZU,Sediment,5.9,0.43,19.61,1.43,N/A
N/A,EC_089_SIR-W4,10.58052/IEWDR01ZU,Sediment,5.8,0.43,19.03,1.41,N/A
N/A,EC_089_SIR-W5,10.58052/IEWDR01ZU,Sediment,5.64,0.43,18.44,1.41,N/A
N/A,EC_090_SIR-D1,10.58052/IEWDR01ZV,Sediment,2.63,0.99,7.82,2.94,VB_OCN_004
N/A,EC_090_SIR-D2,10.58052/IEWDR01ZV,Sediment,2.45,0.94,7.2,2.76,N/A
N/A,EC_090_SIR-D3,10.58052/IEWDR01ZV,Sediment,2.6,0.91,7.56,2.65,N/A
N/A,EC_090_SIR-D4,10.58052/IEWDR01ZV,Sediment,2.56,0.86,7.5,2.52,N/A
N/A,EC_090_SIR-D5,10.58052/IEWDR01ZV,Sediment,3.04,0.82,8.99,2.42,N/A
N/A,EC_090_SIR-W1,10.58052/IEWDR01ZV,Sediment,2.01,0.38,5.99,1.13,N/A
N/A,EC_090_SIR-W2,10.58052/IEWDR01ZV,Sediment,1.94,0.35,5.88,1.06,N/A
N/A,EC_090_SIR-W3,10.58052/IEWDR01ZV,Sediment,1.86,0.35,5.52,1.04,N/A
N/A,EC_090_SIR-W4,10.58052/IEWDR01ZV,Sediment,2.03,0.35,5.96,1.03,N/A
N/A,EC_090_SIR-W5,10.58052/IEWDR01ZV,Sediment,2.11,0.36,6.27,1.07,N/A
N/A,EC_091_SIR-D1,10.58052/IEWDR01ZW,Sediment,3.51,0.83,11.7,2.77,N/A
N/A,EC_091_SIR-D2,10.58052/IEWDR01ZW,Sediment,3.76,1.14,12.5,3.79,N/A
N/A,EC_091_SIR-D3,10.58052/IEWDR01ZW,Sediment,3.8,1.06,12.74,3.55,N/A
N/A,EC_091_SIR-D4,10.58052/IEWDR01ZW,Sediment,3.54,0.88,11.57,2.88,N/A
N/A,EC_091_SIR-D5,10.58052/IEWDR01ZW,Sediment,3.51,0.82,11.88,2.78,N/A
N/A,EC_091_SIR-W1,10.58052/IEWDR01ZW,Sediment,3.42,0.76,11.37,2.53,N/A
N/A,EC_091_SIR-W2,10.58052/IEWDR01ZW,Sediment,3.65,0.79,11.98,2.59,N/A
N/A,EC_091_SIR-W3,10.58052/IEWDR01ZW,Sediment,3.62,0.82,12.27,2.78,N/A
N/A,EC_091_SIR-W4,10.58052/IEWDR01ZW,Sediment,3.61,0.89,11.93,2.94,N/A
N/A,EC_091_SIR-W5,10.58052/IEWDR01ZW,Sediment,3.67,0.84,12.38,2.83,N/A
N/A,EC_092_SIR-D1,10.58052/IEWDR01ZX,Sediment,4.46,1.51,13.48,4.57,N/A
N/A,EC_092_SIR-D2,10.58052/IEWDR01ZX,Sediment,4.72,1.61,13.92,4.75,N/A
N/A,EC_092_SIR-D3,10.58052/IEWDR01ZX,Sediment,4.6,1.69,13.57,4.98,N/A
N/A,EC_092_SIR-D4,10.58052/IEWDR01ZX,Sediment,4.43,1.59,13.21,4.74,N/A
N/A,EC_092_SIR-D5,10.58052/IEWDR01ZX,Sediment,4.73,1.84,14.2,5.52,N/A
N/A,EC_092_SIR-W1,10.58052/IEWDR01ZX,Sediment,4.75,0.57,14.05,1.69,N/A
N/A,EC_092_SIR-W2,10.58052/IEWDR01ZX,Sediment,4.64,0.58,14.06,1.76,N/A
N/A,EC_092_SIR-W3,10.58052/IEWDR01ZX,Sediment,4.43,0.57,13.54,1.74,N/A
N/A,EC_092_SIR-W4,10.58052/IEWDR01ZX,Sediment,4.62,0.57,13.86,1.71,N/A
N/A,EC_092_SIR-W5,10.58052/IEWDR01ZX,Sediment,4.66,0.56,14.12,1.7,N/A
N/A,EC_093_SIR-D1,10.58052/IEWDR01ZY,Sediment,13.44,0.98,41.58,3.03,VB_OCN_004
N/A,EC_093_SIR-D2,10.58052/IEWDR01ZY,Sediment,9.07,0.58,27.62,1.77,N/A
N/A,EC_093_SIR-D3,10.58052/IEWDR01ZY,Sediment,14.67,1.04,44.89,3.18,N/A
N/A,EC_093_SIR-D4,10.58052/IEWDR01ZY,Sediment,14.77,1.1,44.95,3.35,VB_OCN_004
N/A,EC_093_SIR-D5,10.58052/IEWDR01ZY,Sediment,14.64,1.09,44.08,3.28,N/A
N/A,EC_093_SIR-W1,10.58052/IEWDR01ZY,Sediment,13.78,0.69,42.15,2.11,N/A
N/A,EC_093_SIR-W2,10.58052/IEWDR01ZY,Sediment,9.12,0.51,28.29,1.58,VB_OCN_004
N/A,EC_093_SIR-W3,10.58052/IEWDR01ZY,Sediment,13.54,0.8,42.01,2.48,N/A
N/A,EC_093_SIR-W4,10.58052/IEWDR01ZY,Sediment,13.33,0.84,41.46,2.61,N/A
N/A,EC_093_SIR-W5,10.58052/IEWDR01ZY,Sediment,13.41,0.77,41.27,2.37,VB_OCN_004
N/A,EC_094_SIR-D1,10.58052/IEWDR01ZZ,Sediment,10.24,1.39,33.24,4.51,N/A
N/A,EC_094_SIR-D2,10.58052/IEWDR01ZZ,Sediment,11.06,1.47,35.95,4.78,N/A
N/A,EC_094_SIR-D3,10.58052/IEWDR01ZZ,Sediment,10.84,2.2,34.94,7.09,TNRERUN_004
N/A,EC_094_SIR-D4,10.58052/IEWDR01ZZ,Sediment,10.18,1.13,33.38,3.71,N/A
N/A,EC_094_SIR-D5,10.58052/IEWDR01ZZ,Sediment,9.51,0.98,31.02,3.2,N/A
N/A,EC_094_SIR-W1,10.58052/IEWDR01ZZ,Sediment,10.75,0.93,35.26,3.05,N/A
N/A,EC_094_SIR-W2,10.58052/IEWDR01ZZ,Sediment,8.2,0.66,26.38,2.12,N/A
N/A,EC_094_SIR-W3,10.58052/IEWDR01ZZ,Sediment,11.15,1.01,36.79,3.33,VB_OCN_004
N/A,EC_094_SIR-W4,10.58052/IEWDR01ZZ,Sediment,10.42,0.76,33.6,2.45,N/A
N/A,EC_094_SIR-W5,10.58052/IEWDR01ZZ,Sediment,11.26,1.1,36.4,3.56,N/A
N/A,EC_095_SIR-D1,10.58052/IEWDR0200,Sediment,3.74,2.82,15.81,11.92,N/A
N/A,EC_095_SIR-D2,10.58052/IEWDR0200,Sediment,4.03,2.99,16.88,12.52,N/A
N/A,EC_095_SIR-D3,10.58052/IEWDR0200,Sediment,3.92,3.07,16.49,12.92,TNRERUN_003
N/A,EC_095_SIR-D4,10.58052/IEWDR0200,Sediment,3.75,2.26,15.77,9.5,N/A
N/A,EC_095_SIR-D5,10.58052/IEWDR0200,Sediment,3.98,3.39,16.9,14.39,TNRERUN_003
N/A,EC_095_SIR-W1,10.58052/IEWDR0200,Sediment,8.68,1.6,36.92,6.81,N/A
N/A,EC_095_SIR-W2,10.58052/IEWDR0200,Sediment,7.34,1.35,30.97,5.7,N/A
N/A,EC_095_SIR-W3,10.58052/IEWDR0200,Sediment,8.22,1.58,34.35,6.6,N/A
N/A,EC_095_SIR-W4,10.58052/IEWDR0200,Sediment,6.1,1.57,25.57,6.58,N/A
N/A,EC_095_SIR-W5,10.58052/IEWDR0200,Sediment,6.68,1.56,27.83,6.5,N/A
#End_Data,,,,,,,,
